Kids_First_Biospecimen_ID_normal	Chromosome	Start	End	Length	Type	Classification	Caller	Hugo_Symbol_all	gene_symbol_vep	BER	HR	MMR	NER	NHEJ
BS_7CBZW7P6	chr2	47409614	47421535	11921	DEL	Pathogenic	AnnotSV	MSH2	MSH2	No	No	Yes	No	No
BS_874XHFP7	chr22	28660786	28732535	71749	DUP	Pathogenic	AnnotSV	CHEK2;TTC28	CHEK2	No	No	No	No	No
BS_88B4WV6J	chr3	14160079	14170191	10112	DEL	Likely_pathogenic	AnnotSV	XPC	XPC	No	No	No	Yes	No
BS_AYFJ1B57	chr7	5989301	5994272	4950	DEL	Pathogenic	AnnotSV	PMS2	PMS2	No	No	Yes	No	No
BS_E0H9DHVX	chr5	80855820	80867453	11633	DEL	Likely_pathogenic	AnnotSV	MSH3	MSH3	No	No	Yes	No	No
BS_GTY5J0S4	chr17	7674611	7681757	7146	DUP	Pathogenic	AnnotSV	TP53	TP53	No	No	No	No	No
BS_JQB0CTE7	chr22	28696570	28701967	5397	DEL	Pathogenic	AnnotSV	CHEK2	CHEK2	No	No	No	No	No
BS_S75EZJDW	chr2	47402401	47422500	20099	DEL	Pathogenic	AnnotSV	MSH2	MSH2	No	No	Yes	No	No
BS_SG7EPZ4W	chr22	28696570	28701967	5397	DEL	Pathogenic	AnnotSV	CHEK2	CHEK2	No	No	No	No	No
BS_TTVB22NF	chr11	108342879	108348913	6034	DEL	Pathogenic	AnnotSV	ATM	ATM	No	No	No	No	No
