NF1	TP53	GJB2	NF2	TSC1	TSC2	ATM	MSH2	PMS2	PTCH1	SUFU	FAH	LZTR1	RMRP	SMARCB1	APC	BAP1	BRAF	BRCA2	BRIP1	CDKN2A	CHEK2	CTNNA1	DDX41	EPCAM	ERCC2	FANCA	FANCD2	GBA	HFE	KIF1B	MSH3	NTHL1	RAD50	RAD51D	RECQL4	SDHA	SMARCE1	SOS2	TERT	WAS
GER;NON;;;;	;MIS;;;;	;;;;;	;;;;;	;;;;;	;;;;;	;;;;;	;;;;;	;;;;;	;;;;;	;;;;;	;;;;;	;;;;;	;;;;;	;;;;;	;;;;;	;;;;;	;;;;;	;;;;;	;;;;;	;;DEL;;;	;;;;;	;;;;;	;;;;;	;;;;;	;;;;;	;;;;;	;;;;;PLOS	;;;;;	;;;;;	;;;;;	;;;;;	;;;;;	;;;;;	;;;;;	;;;;;	;;;;;	;;;;;	;;;;;	;;;;;	;;DEL;;;
;;;;;	;;;;;	;;;;;	;;;;;	;;;;;	;;;;;	;;;;;	;;;;;	;;;;;	;;;;;	;;;;XLOS;	;;;;;	;;;;;	;;;;;	;;;;;	;;;;;	;;;;;	;;;;;	;;;;;	;;;;;	;;;;;	;;;;;	;;;;;	;;;;;	;;;;;	;;;;;	;;;;;	;;;;;	;;;;;	;;;;;	;;;;;	;;;;;	;;;;;	;;;;;	;;;;;	;;;;;	GER;;;;XLOS;	;;;;;	;;;;;	;;;;;	;;;;;
;;;;;	;;;;;	;;;;XGAI;	;;;;;	;;;;;	;;;;;	;;;;;	;;;;;	;;;;;	;;;;;	;;;;;	;;;;;	;;;;;	;;;;;	;;;;;	;;;;;	;;;;;	;;;;;	;;;;;	;;;;;	;;;;;	;;;;;	;;;;;	;;;;;	;;;;;	;;;;;	;;;;;	;;;;;	;;;;;	;;;;;	;;;;;	;;;;;	;;;;;	;;;;;	;;;;;	;;;;;	;;;;;	GER;;;LOH;XLOS;	;;;;;	;;;;;	;;;;;
;;;;;	;;;;;	;;;;;	;;;;;	GER;;;LOH;;	;;;;;	;;;;;	;;;;;	;;;;;	;;;;XLOS;	;;;;;	;;;;;	;;;;;	;;;;;	;;;;;	;;;;;	;;;;;	;;;;;	;;;;;	;;;;;	;;;;;	;;;;;	;;;;;	;;;;;	;;;;;	;;;;;	;;;;;	;;;;;	;;;;;	;;;;;	;;;;;	;;;;;	;;;;;	;;;;;	;;;;;	;;;;;	;;;;;	;;;;;	;;;;;	;;;;;	;;;;;
;;;;;	;;;;;	;;;;;	;;;;;	;;;;;	;;;;;	;;;;;	;;;;;	;;;;;	;;;;;	;;;;;	;;;;;	;;;;;	;;;;;	;;;;;	;;;;;	;;;;;	;;;;;	;;;;;	;;;;;	;;;;;	;;;;;	;;;;;	;;;;;	;;;;;	;;;;;	;;;;;	;;;;;	;;;;;	;;;;;	;;;;;	;;;;;	;;;;;	;;;;;	GER;;;LOH;;	;;;;;	;;;;;	;;;;;	;;;;;	;;;;;	;;;;;
;;;;;	;MIS;;;;	;;;;;	;;;;;	;;;;;	;;;;;	;;;;;	;;;;;	;;;;;	;;;;;	;;;;;	;;;;;	;;;;;	;;;;;	;;;;;	;;;;;	;;;;;	;;;;;	;;;;;	;;;;;	;;;;;	;;;;;	;;;;;	;;;;;	;;;;;	;;;;;	;;;;;	;;;;;	;;;;;	;;;;;	GER;;;;;	;;;;;	;;;;;	;;;;;	;;;;;	;;;;;	;;;;;	;;;;;	;;;;;	;;;;;	;;;;;
GER;;;LOH;;	;;;;;	;;;;;	;;;;;PGAI	;;;;;	;;;;;	;;;;;	;;;;;	;;;;;	;;;;;	;;;;;	;;;;;	;;;;;	;;;;;	;;;;;	;;;;;	;;;;;	;;;;;	;;;;;	;;;;;	;;;;;	;;;;;	;;;;;	;;;;;	;;;;;	;;;;;	;;;;;	;;;;;	;;;;;	;;;;;	;;;;;	;;;;;	;;;;;	;;;;;	;;;;;	;;;;;	;;;;;	;;;;;	;;;;;	;;;;;	;;;;;
;;;;;	;;;;;	GER;;LOS;LOH;;	;;;;;	;;;;;	;;;;;	;;;;;	;;;;;	;;;;;	;;;;;	;;;;;	;;;;;	;;;;;	;;;;;	;;;;;	;;;;;	;;;;;	;;;;;	;;;;;	;;;;;	;;;;;	;;;;XGAI;	;;;;;	;;;;;	;;;;;	;;;;;	;;;;;	;;;;;	;;;;;	;;;;;	;;;;;	;;;;;	;;;;;	;;;;;	;;;;;	;;;;;	;;;;;	;;;;;	;;;;;	;;;;;	;;;;;
;;;;;	;;;;;	GER;;;;;	;;;;;	;;;;;	;;;;;	GER;;;;;	;;;;;	;;;;;	;;;;;	;;;;;	;;;;;	;;;;;	;;;;;	;;;;;	;;;;;	;;;;;	;;;;;	;;;;;	;;;;;	;;;;;	;;;;;	;;;;;	;;;;;	;;;;;	;;;;;	;;;;;	;;;;;	;;;;;	;;;;;	;;;;;	;;;;;	;;;;;	;;;;;	;;;;;	;;;;;	;;;;;	;;;;;	;;;;;	;;;;;	;;;;;
;;;;;	;;;;;	;;;;;	;;;;;	;;;;;	;;;;;	GER;;;LOH;;	;;;;;	;;;;;	;;;;;	;;;;;	;;;;;	;;;;;	;;;;;	;;;;;	;;;;XLOS;	;;;;;	;;;;;	;;;;;	;;;;;	;;;;;	;;;;XGAI;	;;;;;	;;;;;	;;;;XGAI;	;;;;;	;;;;XGAI;	;;;;;	;;;;;	;;;;;	;;;;;	;;;;;	;;;;;	;;;;;	;;;;;	;;;;XGAI;	;;;;;	;;;;;	;;;;XLOS;	;;;;XGAI;	;;;;;
GER;;;LOH;;	;;;;;	;;;;;	;;;;;	;;;;;	;;;;;	;;;;;	;;;;;	;;;;;	;;;;;	;;;;;	;;;;;	;;;;;	;;;;;	;;;;;	;;;;;	;;;;;	;;;;;	;;;;;	;;;;;	;NON;;;;	;;;;;	;;;;;	;;;;;	;;;;;	;;;;;	;;;;;	GER;;;;;	;;;;;	;;;;;	;;;;;	;;;;;	;;;;;	;;;;;	;;;;;	;;;;;	;;;;;	;;;;;	;;;;;	;;;;;	;;;;;
;;;;;	;;;;;	;;;;XGAI;	GER;;;;XLOS;	;;;;;	;;;;;	;;;;;	;;;;;	;;;;;	;;;;XLOS;	;;;;;	;;;;;	;;;;;	;;;;;	;;;;;	;;;;;	;;;;;	;;;;;	;;;;;	;;;;;	;;;;;	;;;;;	;;;;;	;;;;;	;;;;;	;;;;;	;;;;;	;;;;;	;;;;;	;;;;;	;;;;;	;;;;;	;;;;;	;;;;;	;;;;;	;;;;;	;;;;;	;;;;;	;;;;;	;;;;;	;;;;;
;FSD;;;;PLOS	GER;;;LOH;;	;;;;;	;;;;;	;;;;;	;;;;;	;;;;;	;;;;;	;;;;;	;;;;;	;;;;XLOS;	;;;;;	;;;;;	;;;;;	;;;;;	;;;;;	;;;;;	;;;;;	;;;;;	;;;;;	;;;;;	;;;;;	;;;;;	;;;;;	;;;;;	;;;;;	;;;;;	;;;;;	;;;;;	;;;;;	;;;;;	;;;;;	;;;;;	;;;;;	;;;;;	;;;;;	;;;;;	;;;;;	;;;;;	;;;;;	;;;;;
;;;;;	;;;;;	GER;;;;;	;;;;;	;;;;;	;;;;;	;;;;;	;;;;;	;;;;;	;;;;XGAI;	;;;;;	;;;;;	;;;;;	;;;;;	;;;;;	;;;;;	;;;;;	;;;;;	;;;;XGAI;	;;;;;	;;;;;	;;;;;	;;;;;	;;;;;	;;;;;	;;;;;	;;;;XGAI;	;;;;;	;;;;;	;;;;;	;;;;;	;;;;;	;;;;;	;;;;;	;;;;;	;;;;;	;;;;;	;;;;;	;;;;;	;;;;XGAI;	;;;;;
GER;NON;;;;	;;;;;	;;;;;	;;;;;	;;;;;	;;;;;	;;;;;	;;;;;	;;;;;	;;;;;	;;;;;	;;;;;	;;;;;	;;;;;	;;;;;	;;;;;	;;;;;	;;;;;	;;;;;	;;;;;	;;;;;	;;;;;	;;;;;	;;;;;	;;;;;	;;;;;	;;;;;	;;;;;	;;;;;	;;;;;	;;;;;	;;;;;	;;;;;	;;;;;	;;;;;	;;;;;	;;;;;	;;;;;	;;;;;	;;;;;	;;;;;
;;;;;	;;;;;	;;;;;	;;;;;	;;;;;	;;;;;	;;;;;	;;;;;PGAI	;;;;;	;;;;;	;;;;;	;;;;;	;;;;;	;;;;;	;;;;;	GER;NON;;;;	;;;;;	;;;;;	;;;;;	;;;;;	;;;;;	;;;;;	;;;;;	;;;;;	;;;;;	;;;;;	;;;;;	;;;;;	;;;;;	;;;;;	;;;;;	;;;;;	;;;;;	;;;;;	;;;;;	;;;;;	;;;;;	;;;;;	;;;;;	;;;;;	;;;;;PLOS
;NON;;;;	;NON;;;;	;;;;;	;;;;;	;;;;;	;;;;;	;;;;;	GER;;;LOH;;	;;;;;	;;;;;	;;;;;	;;;;;	;;;;;	GER;;LOS;LOH;;	;;;;;	;;;;;	;;;;;	;;;;;	;FSD;;;;	;;;;;	;;;;;	;;;;;	;;;;;	;;;;;	;;;;;	;;;;;	;;;;;	;;;;;	;;;;;	;;;;;	;;;;;	;;;;;	;;;;;	;;;;;	;;;;;	;;;;;	;;;;;	;;;;;	;;;;;	;;;;;	;;;;;
;;;;;	;;;;;	;;;;;	;;;;;	;;;;;	;;;;;	;;;;;	;;;;;	;;;;;	;;;;;	GER;SPS;;;;	;;;;;	;;;;;	;;;;;	;;;;;	;;;;;	;;;;;	;;;;;	;;;;;	;;;;;	;;;;;	;;;;;	;;;;XLOS;	;;;;;	;;;;;	;;;;;	;;;;;	;;;;;	;;;;;	;;;;;	;;;;;	;;;;;	;;;;;	;;;;;	;;;;;	;;;;;	;;;;;	;;;;;	;;;;;	;;;;;	;;;;;
;;;;;	GER;;;LOH;;	;;;;;	;;;;;	;;;;;	;;;;;	;;;;;	;;;;;	;;;;;	;;;;;	;;;;;	;;;;;	;;;;;	;;;;;	;;;;;	;;;;;	;;;;;	;;;;;	;;;;;	;;;;;	;;;;;	;;;;;	;;;;;	;;;;;	;;;;;	;;;;;	;;;;;	;;;;;	;;;;;	;;;;;	;;;;;	;;;;;	;;;;;	;;;;;	;;;;;	;;;;;	;;;;;	;;;;;	;;;;;	;;;;;	;;;;;
;;;;;	;;;;;	;;;;;	;;;;;	;;;;;	;;;;;	;;;;;	;;;;;	;;;;;	;;;;;	;;;;;	;;;;;	;;;;;	;;;;;	;;;;;	;;;;;	;;;;;	;;;;;	;;;;;	;;;;;	;;;;;	GER;;;;XGAI;	;;;;;	;;;;;	;;;;;	;;;;;	;;;;;	;;;;;	;;;;;	;;;;;	;;;;;	;;;;;	;;;;;	;;;;;	;;;;;	;;;;;	;;;;;	;;;;;	;;;;;	;;;;;	;;;;;
;;;;;	;;;;;	;;;;XGAI;	;;;;XLOS;PLOS	;;;;;	;;;;;	;;;;;	;;;;;PGAI	;;;;;	;;;;;	;;;;;	GER;;;;;PLOS	;;;;;	;;;;;	;;;;;	;;;;;	;;;;;	;;;;;	;;;;;	;;;;;	;;;;;	;;;;;	;;;;;PLOS	;;;;;	;;;;;	;;;;;	;;;;;	;;;;;	;;;;;	;;;;;	;;;;;	;;;;;	;;;;;	;;;;;	;;;;;	;;;;;	;;;;XGAI;	;;;;;	;;;;;	;;;;;	;;DEL;;;
;;;;;	;;;;;	GER;;;;;	;;;;;	;;;;;	;;;;;	;;;;;	;;;;;	;;;;;	;;;;;	;;;;;	;;;;;	;;;;;	;;;;;	;;;;;	;;;;;	;;;;;	;MIS;;;;	;;;;;	;;;;;	;;;;XGAI;	;;;;;	;;;;;	;;;;;	;;;;;	;;;;;	;;;;;	;;;;;	;;;;;	;;;;;	;;;;;	;;;;;	;;;;;	;;;;;	;;;;;	;;;;;	;;;;;	;;;;;	;;;;;	;;;;;	;;;;;
;;;;;	;;;;;	;;;;;	;;;;;	;;;;;	;;;;;	;;;;;	;;;;;	;;;;;	;;;;XLOS;	;;;;;	;;;;;	;;;;;	;;;;;	;;;;;	;;;;;	;;;;;	;;;;;	;;;;;	;;;;;	;;;;;	;;;;;	;;;;XLOS;	;;;;;	;;;;XGAI;	;;;;;	;;;;;	;;;;;	;;;;;	;;;;;	;;;;;	;;;;;	GER;;;;;	;;;;;	;;;;;	;;;;;	;;;;;	;;;;;	;;;;;	;;;;;	;;;;;
;;;;;	;;;;;	;;;;;	;;;;;	;;;;;	GER;;;;XLOS;PLOS	;;;;;	;;;;;	;;;;;	;;;;XLOS;	;;;;;	;;;;;	;;;;;	;;;;;	;;;;;	;;;;;	;;;;;	;;;;;	;;;;;	;;;;;	;;;;;	;;;;;	;;;;;	;;;;;	;;;;;	;;;;;	;;;;;	;;;;;	;;;;XGAI;	;;;;;	;;;;;	;;;;;	;;;;;	;;;;;	;;;;;	;;;;;	;;;;;	;;;;;	;;;;;	;;;;;	;;;;;
;;;;;	;;;;;	;;;;;	;;;;;	GER;;;LOH;;	;;;;;	;;;;;	;;;;;	;;;;;	;;;;;	;;;;;	;;;;;	;;;;;	;;;;;	;;;;;	;;;;;	;;;;;	;;;;;	;;;;;	;;;;;	;;;;;	;;;;;	;;;;;	;;;;;	;;;;;	;;;;;	;;;;;	;;;;;	;;;;;	;;;;;	;;;;;	;;;;;	;;;;;	;;;;;	;;;;;	;;;;;	;;;;;	;;;;;	;;;;;	;;;;;	;;;;;
;;;;;	;MIS;;;;	;;;;;	;;;;;	;;;;;	;;;;;	;;;;;	;;;;;	;;;;;	;;;;;	;;;;;	;;;;;	;;;;;	;;;;;	;;;;;	;;;;;	;;;;;	;;;;;	;;;;XGAI;	;;;;XGAI;	;;;;;	;;;;;	;;;;;	;;;;;	;;;;;	;;;;;	;;;;XGAI;	;;;;XGAI;	;;;;;	;;;;;	;;;;;	;;;;XGAI;	;;;;;	;;;;;	;;;;;	GER;;;LOH;;	;;;;;	;;;;;	;;;;;	;;;;;	;;;;;
;FSI;;;;	;NON;;;;	;;;;;	;;;;;	;;;;;	;;;;;	;NON;;;;	;NON;;;;	GER;;;;XLOS;	;;;;;	;;;;;	;;;;;	;;;;;	;;;;;	;;;;;	;;;;;	;;;;;	;;;;;	;;;;;	;;;;;	;;;;;	;FSD;;;;	;;;;;	;;;;;	;;;;;	;;;;;	;;;;;	;NON;;;;	;;;;;	;;;;;	;;;;;	;;;;;	;;;;;	;NON;;;;	;;;;;	;;;;;	;NON;;;;	;;;;;	;;;;;	;;;;;	;;;;;
;;;;;	;;;;;	;;;;;	;;;;;	;;;;;	GER;;;LOH;XLOS;	;;;;;	;;;;;	;;;;;	;;;;;	;;;;;	;;;;;	;;;;;	;;;;;	;;;;;	;;;;;	;;;;;	;;;;;	;;;;;	;;;;;	;;;;;	;;;;;	;;;;;	;;;;;	;;;;;	;;;;;	;;;;;	;;;;;	;;;;;	;;;;;	;;;;;	;;;;;	;;;;;	;;;;;	;;;;;	;;;;;	;;;;;	;;;;;	;;;;;	;;;;;	;;;;;
GER;NON;LOS;;;	;;;;;	;;;;;	;;;;;	;;;;;	;;;;;	;;;;;	;;;;;	;;;;;	;;;;;	;;;;;	;;;;;	;;;;;	;;;;;	;;;;;	;;;;;	;;;;;	;;;;;	;;;;;	;;;;;	;;;;;	;;;;;	;;;;;	;;;;;	;;;;;	;;;;;	;;;;;	;;;;;	;;;;;	;;;;;	;;;;;	;;;;;	;;;;;	;;;;;	;;;;;	;;;;;	;;;;;	;;;;;	;;;;;	;;;;;	;;;;;
;;;;;	;;;;;	;;;;;	;;;;;	;;;;;	;;;;;	;;;;;	;;;;;	;;;;;	;;;;;	;;;;;	;;;;;	;;;;;	;;;;;	;;;;;	;;;;;	;;;;;	;;;;;	;;;;;	;;;;;	;;;;;	;;;;XGAI;	;;;;;	;;;;;	;;;;;	;;;;;	;;;;;	;;;;;	;;;;;	;;;;;	;;;;;	;;;;;	;;;;;	;;;;;	;;;;;	;;;;;	;;;;;	;;;;;	GER;;;;;	;;;;;	;;;;;
;;;;;	;;;;;	;;;;;	;FSD;;;;	;;;;;	;;;;;	;;;;;	;;;;;	;;;;;	;;;;;	;;;;;	;;;;;	GER;;;LOH;XLOS;	;;;;;	;;;;;	;;;;;	;;;;;	;;;;;	;;;;;	;;;;;	;;;;;	;;;;;	;;;;;	;;;;;	;;;;;	;;;;;	;;;;;	;;;;;	;;;;;	;;;;;	;;;;;	;;;;;	;;;;;	;;;;;	;;;;;	;;;;;	;;;;;	;;;;;	;;;;;	;;;;;	;;;;;
;;;;;	GER;;;LOH;;	;;;;;	;;;;;	;;;;XGAI;	;;;;;	;;;;XGAI;	;;;;;	;;;;;	;;;;;	;;;;;	;;;;;	;;;;;	;;;;;	;;;;;	;;;;;	;;;;;	;;;;;	;;;;XGAI;	;;;;XGAI;	;;;;;	;;;;;	;;;;;	;;;;;	;;;;;	;;;;;	;;;;XGAI;	;;;;;	;;;;;	;;;;;	;;;;;	;;;;XGAI;	;;;;;	;;;;;	;;;;;	;;;;;	;;;;;	;;;;;	;;;;;	;;;;;	;;;;;
;;;;;	;;;;;	;;;;;	;;;;XLOS;	;;;;;	;;;;;	;;;;;	;;;;;	;;;;;	;;;;;	;;;;;	;;;;;	GER;;;LOH;;	;;;;;	;;;;XLOS;	;;;;;	;;;;;	;;;;;	;;;;;	;;;;;	;;;;;	;;;;;	;;;;;	;;;;;	;;;;XGAI;	;;;;;	;;;;;	;;;;;	;;;;;	;;;;;	;;;;;	;;;;;	;;;;;	;;;;;	;;;;;	;;;;;	;;;;;	;;;;;	;;;;;	;;;;;	;;;;;
;;;;;	;;;;;	;;;;;	;;;;;	;;;;;	;;;;;	;;;;;	;;;;;	;;;;;	;;;;;	;;;;;	;;;;;	;;;;;	;;;;;	GER;;;LOH;;	;;;;;	;;;;;	;;;;;	;;;;;	;;;;;	;;;;;	;;;;;	;;;;;	;;;;;	;;;;;	;;;;;	;;;;;	;;;;;	;;;;;	;;;;;	;;;;;	;;;;;	;;;;;	;;;;;	;;;;;	;;;;;	;;;;;	;;;;;	;;;;;	;;;;;	;;;;;
GER;;;LOH;;	;;;;;	;;;;XGAI;	;;;;;	;;;;;	;;;;;	;;;;;	;;;;;	;;;;;	;;;;;	;;;;;	;;;;;	;;;;;	;;;;;	;;;;;	;;;;;	;;;;;	;;;;;	;;;;;	;;;;;	;;;;;	;;;;XGAI;	;;;;;	;;;;;	;;;;;	;;;;;	;;;;;	;;;;;	;;;;;	;;;;;	;;;;;	;;;;;	;;;;;	;;;;;	;;;;;	;;;;;	;;;;;	;;;;;	;;;;;	;;;;XGAI;	;;;;;
;;;;;	;;;;;	;;;;;	GER;;LOS;;XLOS;PLOS	;;;;;	;;;;;	;;;;;	;;;;;	;;;;;	;;;;;	;;;;;	;;;;;	;;;;;	;;;;;	;;;;;	;;;;;	;;;;;	;;;;;	;;;;;	;;;;;	;;;;;	;;;;;	;;;;;	;;;;;	;;;;;	;;;;;	;;;;;	;;;;;	;;;;;	;;;;;	;;;;;	;;;;;	;;;;;	;;;;;	;;;;;	;;;;;	;;;;;	;;;;;	;;;;;	;;;;;	;;;;;
;;;;XLOS;	GER;;;LOH;;	;;;;;	;;;;;	;;;;;	;;;;;	;;;;;	;;;;;	;;;;;	;;;;;	;;;;;	;;;;;	;;;;;	;;;;;	;;;;;	;;;;;	;;;;;	;;;;;	;;;;;	;;;;;	;;;;;	;;;;;	;;;;;	;;;;;	;;;;;	;;;;;	;;;;;	;;;;;	;;;;;	;;;;;	;;;;;	;;;;;	;;;;;	;;;;;	;;;;;	;;;;;	;;;;;	;;;;;	;;;;;	;;;;;	;;;;;
;;;;;	GER;;;LOH;;	;;;;;	;;;;XLOS;	;;;;;	;;;;;	;;;;;	;;;;;	;;;;;	;;;;;	;;;;;	;;;;;	;;;;;	;;;;;	;;;;;	;;;;;	;;;;;	;;;;;	;;;;;	;;;;;	;;;;;	;;;;;	;;;;;	;;;;;	;;;;;	;;;;;	;;;;;	;;;;XGAI;	;;;;;	;;;;;	;;;;;	;;;;;	;;;;;	;;;;;	;;;;;	;;;;;	;;;;;	;;;;;	;;;;;	;;;;;	;;;;;
;;;;;	;;;;;	;;;;;	;;;;;	;;;;;	;;;;;	;;;;;	;;;;;	;;;;;	;;;;;	GER;;DEL;LOH;;	;;;;;	;;;;;	;;;;;	;;;;;	;;;;;	;;;;;	;;;;;	;;;;;	;;;;;	;;;;;	;;;;;	;;;;;	;;;;;	;;;;;	;;;;;	;;;;;	;;;;;	;;;;;	;;;;;	;;;;;	;;;;;	;;;;;	;;;;;	;;;;;	;;;;;	;;;;;	;;;;;	;;;;;	;;;;;	;;;;;
GER;;;LOH;XLOS;	;;;;;	;;;;;	;;;;XLOS;	;;;;;	;;;;;	;;;;;	;;;;;	;;;;XLOS;	;;;;;	;;;;;	;;;;;	;;;;;	;;;;;	;;;;XLOS;	;;;;XLOS;	;;;;XLOS;	;;;;XLOS;	;;;;;	;;;;;	;;;;;	;;;;;	;;;;;	;;;;XLOS;	;;;;;	;;;;XLOS;	;;;;;	;;;;;	;;;;XLOS;	;;;;;	;;;;;	;;;;XLOS;	;;;;;	;;;;XLOS;	;;;;XLOS;	;;;;;	;;;;XLOS;	;;;;;	;;;;;	;;;;;	;;;;;
GER;;;LOH;;	;;;;;	;;;;;	;;;;;	;;;;;	;;;;;	;;;;;	;;;;;	;;;;;	;;;;;	;;;;;	;;;;;	;;;;;	;;;;;	;;;;;	;;;;;	;;;;;	;;;;;	;;;;;	;;;;;	;;;;;	;;;;;	;;;;;	;;;;;	;;;;;	;;;;;	;;;;;	GER;;;LOH;;	;;;;;	;;;;;	;;;;;	;;;;;	;;;;;	;;;;;	;;;;;	;;;;;	;;;;;	;;;;;	;;;;;	;;;;;	;;;;;
;;;;;	;;;;;	;;;;;	;;;;;	;;;;;	;;;;;	;;;;;	;;;;;	;;;;;	GER;;LOS;LOH;;	;;;;;	;;;;;	;;;;;	;;;;;	;;;;;	;;;;;	;;;;;	;;;;;	;;;;;	;;;;;	;;;;;	;;;;;	;;;;;	;;;;;	;;;;;	;;;;;	;;;;;	;;;;;	;;;;;	;;;;;	;;;;;	;;;;;	;;;;;	;;;;;	;;;;;	;;;;;	;;;;;	;;;;;	;;;;;	;;;;;	;;;;;
;SPS;;;;	;MIS;;;;	;;;;;	;;;;;	;;;;;	;;;;;	;;;;;	;;;;;	;;;;;	;;;;;	;;;;;	;;;;;	;;;;;	;;;;;	;;;;;	;;;;;	;;;;;	;;;;;	;;;;;	;;;;;	;;;;;	;;;;;	;;;;;	;;;;;	;;;;;	;;;;;	;;;;;	;;;;;	;;;;;	GER;;;LOH;;	;;;;;	;;;;;	;;;;;	GER;;;LOH;;	;;;;;	;;;;;	;;;;;	;;;;;	;;;;;	;;;;;	;;;;;
;FSD;;;;	;;;;;	;;;;;	;;;;XGAI;	;;;;;	;;;;XGAI;	;;;;;	;;;;;	;;;;;	;;;;;	;;;;;	;;;;XGAI;	;;;;XGAI;	;;;;;	;;;;XGAI;	;;;;;	;;;;;	;;;;;	;;;;XGAI;	;;;;XGAI;	;;;;;	;;;;XGAI;	;;;;;	;;;;XGAI;	GER;;;;XGAI;	;;;;XGAI;	;;;;XGAI;	;;;;XGAI;	;;;;;	;;;;;	;;;;;	;;;;;	;;;;XGAI;	;;;;;	;;;;XGAI;	;;;;XGAI;	;;;;;	;;;;XGAI;	;;;;;	;;;;XGAI;	;;;;;
;;;;;	;;;;;	;;;;;	;SPS;;;;	;;;;;	;;;;;	;;;;;	;;;;;	;;;;;	;;;;;	;;;;;	GER;;;LOH;;	;;;;;	;;;;;	;;;;;	;;;;;	;;;;;	;;;;;	;;;;;	;;;;;	;;;;;	;;;;;	;;;;;	;;;;;	;;;;;	;;;;;	;;;;;	;;;;;	;;;;;	;;;;;	;;;;;	;;;;;	;;;;;	;;;;;	;;;;;	;;;;;	;;;;;	;;;;;	;;;;;	;;;;;	;;;;;
;;;;;	GER;;LOS;LOH;;	;;;;;	;;;;;	;;;;;	;;;;;	;;;;;	;;;;;	;;;;;	;;;;;	;;;;;	;;;;;	;;;;;	;;;;;	;;;;;	;;;;;	;;;;;	;;;;;PGAI	;;;;;	;;;;;	;;;;;	;;;;;	;;;;;	;;;;;	;;;;;	;;;;;	;;;;;	;;;;;	;;;;;	;;;;;PLOS	;;;;;	;;;;;	;;;;;	;;;;;	;;;;;	;;;;;	;;;;;	;;;;;	;;;;;	;;;;;	;;;;;
GER;;;LOH;;	;;;;;	;;;;;	;;;;;	;;;;;	;;;;;	;;;;;	;;;;;	;;;;;	;;;;;	;;;;;	;;;;;	;;;;;	;;;;;	;;;;;	;;;;;	;;;;;	;;;;;	;;;;;	;;;;;	;;;;;	;;;;;	;;;;;	;;;;;	;;;;;	;;;;;	;;;;;	;;;;;	;;;;;	;;;;;	;;;;;	;;;;;	;;;;;	;;;;;	;;;;;	;;;;;	;;;;;	;;;;;	;;;;;	;;;;;	;;;;;
;;;;;	;;;;;	;;;;;	;;;;;	;;;;;	;;;;;	;MIS;;;;	;;;;;	;;;;;	GER;;;LOH;;	;;;;;	;;;;;	;;;;;	;;;;;	;;;;;	;;;;;	;;;;;	;;;;;	;;;;;	;;;;;	;;;;;	;;;;;	;;;;;	;;;;;	;;;;;	;;;;;	;;;;;	;;;;;	GER;;;;XLOS;	;;;;;	;;;;;	;;;;;	;;;;;	;;;;;	;;;;;	;;;;;	;;;;;	;;;;;	;;;;;	;;;;;	;;;;;
;;;;;	;;;;;	;;;;;	;;;;;	GER;;;LOH;XLOS;	;;;;;	;;;;;	;;;;;	;;;;;	;;;;;	;;;;;	;;;;;	;;;;;	;;;;;	;;;;;	;;;;;	;;;;;	;;;;;	;;;;;	;;;;;	;;;;;	;;;;;	;;;;;	;;;;;	;;;;;	;;;;;	;;;;;	;;;;;	;;;;XGAI;	;;;;;	;;;;;	;;;;;	;;;;;	;;;;;	;;;;;	;;;;;	;;;;;	;;;;;	;;;;;	;;;;;	;;;;;
GER;;;LOH;;	;;;;;	;;;;;	;;;;;	;;;;;	;;;;;	;;;;;	;;;;;	;;;;;	;;;;;	;;;;;	;;;;;	;;;;XGAI;	;;;;;	;;;;;	;;;;;	;;;;;	;;;;;PGAI	;;;;;	;;;;;	;;;;;	;;;;;	;;;;;	;;;;;	;;;;;	;;;;;	;;;;;	;;;;;	;;;;;	;;;;;	;;;;;	;;;;;	;;;;;	;;;;;	;;;;;	;;;;;	;;;;;	;;;;;	;;;;;	;;;;;	;;;;;
;;;;;	;;;;;	GER;;;;;	;;;;;	;;;;;	;;;;;	;;;;;	;;;;;	;;;;;	;;;;;	;;;;;	;;;;;	;;;;;	;;;;;	;;;;;	;;;;;	;;;;;	;;;;;	;;;;;	;;;;;	;;;;;	;;;;;	;;;;;	GER;;;LOH;;	;;;;;	;;;;;	;;;;;	;;;;;	;;;;;	;;;;;	;;;;;	;;;;;	;;;;;	;;;;;	;;;;;	;;;;;	;;;;;	;;;;;	;;;;;	;;;;;	;;;;;
;;;;;	;;;;;	;;;;;	;;;;;	;;;;;	;;;;;	;;;;;	;;;;;	GER;;;;;	;;;;;	;;;;;	;;;;;	;;;;;	;;;;;	;;;;;	;;;;;	;;;;;	;;;;;	;;;;XGAI;	;;;;;	;;;;;	;;;;;	;;;;;	;;;;;	;;;;;	;;;;;	;;;;;	;;;;;	;;;;;	;;;;;	;;;;;	;;;;;	;;;;;	;;;;;	;;;;;	;;;;;	;;;;;	;;;;;	;;;;;	;;;;;	;;;;;
;;;;XLOS;	;;;;;	;;;;;	;;;;;	;;;;;	;;;;XLOS;	;;;;;	;;;;;	;;;;;	;;;;;	;;;;XLOS;	;;;;;	;;;;;	;;;;;	;;;;;	;;;;;	;;;;XLOS;	GER;;;;XLOS;	;;;;;	;;;;;	;;;;;	;;;;;	;;;;;	;;;;;	;;;;;	;;;;;	;;;;;	;;;;;	;;;;;	;;;;;	;;;;;	;;;;;	;;;;;	;;;;XLOS;	;;;;;	GER;;;;;	;;;;XLOS;	;;;;;	;;;;;	;;;;;	;;;;;
;;;;;	;;;;;	;;;;;	;;;;;	;;;;;	GER;;;;XLOS;	;;;;;	;;;;;	;;;;;	;;;;;	;;;;;	;;;;;	;;;;;	;;;;;	;;;;;	;;;;;	;;;;;	;;;;;	;;;;;	;;;;;	;;;;;	;;;;;	;;;;;	;;;;;	;;;;;	;;;;;	;;;;;	;;;;;	;;;;;	;;;;;	;;;;;	;;;;;	;;;;;	;;;;;	;;;;;	;;;;;	;;;;;	;;;;;	;;;;;	;;;;;	;;;;;
;;;;;	;;;;;	;;;;;	;;;;;	;;;;;	;;;;;	;;;;;	;;;;;	;;;;;	;;;;;	;;;;;	;;;;;	;;;;;	;;;;;	;;;;;	;;;;;	;;;;;	;;;;;	;;;;;	;;;;XGAI;	;;;;;	;;;;;	;;;;XLOS;	;;;;;	;;;;;	;;;;;	GER;;LOS;LOH;;	;;;;;	;;;;;	;;;;;	;;;;;	;;;;;	;;;;;	;;;;;	;;;;;	;;;;;	;;;;;	;;;;;	;;;;;	;;;;;	;;DEL;;;
GER;SPS;;;XLOS;	;;;;;	;;;;;	;;;;XLOS;	;;;;XLOS;	;;;;XLOS;	;;;;XLOS;	;;;;XLOS;	;;;;XLOS;	;;;;;	;;;;XLOS;	;;;;;	;;;;;	;;;;;	;;;;;	;;;;XLOS;	;;;;XLOS;	;;;;XLOS;	;;;;;	;;;;;	;;;;;	;;;;;	;;;;XLOS;	;;;;;	;;;;;	;;;;XLOS;	;;;;;	;;;;;	;;;;XLOS;	;;;;;	;;;;;	;;;;XLOS;	;;;;;	;;;;XLOS;	;;;;XLOS;	;;;;;	;;;;XLOS;	;;;;;	;;;;XLOS;	;;;;;	;;;;;
;;;;;	;;;;;	;;;;;	;;;;;	;;;;;	;;;;;	;;;;;	;;;;;	GER;;;LOH;;	;;;;;	;;;;;	;;;;;	;;;;;	;;;;;	;;;;;	;;;;;	;;;;;	;MIS;;;;	;;;;;	;;;;;	;;;;;	;;;;;	;;;;;	;;;;;	;;;;;	;;;;;	;;;;;	;;;;;	;;;;;	;;;;;	;;;;;	;;;;;	;;;;;	;;;;;	;;;;;	;;;;;	;;;;;	;;;;;	;;;;;	;;;;;	;;;;;
GER;;;;;	;;;;;	;;;;;	;;;;;	;;;;;	;;;;;	;;;;;	;;;;;	;;;;;	;;;;;	;;;;;	;;;;;	;;;;;	;;;;;	;;;;;	;;;;;	;;;;;	;;;;;	;;;;;	;;;;;	;;;;;	;;;;;	;;;;;	;;;;;	;;;;;	;;;;;	;;;;;	;;;;;	;;;;;	;;;;;	;;;;;	;;;;;	;;;;;	;;;;;	;;;;;	;;;;;	;;;;;	;;;;;	;;;;;	;;;;;	;;;;;
;;;;;	;;;;XGAI;	;;;;;	;;;;;	;;;;;	;;;;;	;;;;;	;;;;XGAI;	;;;;XGAI;	;;;;;	;;;;;	;;;;;	;;;;XGAI;	;;;;XLOS;	;;;;XGAI;	;;;;;	;;;;XGAI;	;MIS;;;;	;;;;;	;;;;;	GER;;LOS;;;	;;;;;	;;;;XGAI;	;;;;XGAI;	;;;;;	;;;;XGAI;	;;;;;	;;;;;PLOS	;;;;;	;;;;;	;;;;;	;;;;XGAI;	;;;;XGAI;	;;;;;	;;;;XGAI;	;;;;;	;;;;XGAI;	;;;;;	;;;;;	;;;;;	;;;;;
;FSD;;;;	;MIS;;;;	;;;;;	;;;;;	;;;;;	;;;;;	;FSD;;;;	GER;;;LOH;;	;;;;;	;;;;;	;;;;;	;;;;;	;;;;;	;;;;;	;;;;;	;;;;;	;;;;;	;;;;;	;FSI;;;;	;;;;;	;FSD;;;;	;;;;;	;;;;;	;;;;;	;;;;;	;;;;;	;;;;;	;;;;;	;;;;;	;;;;;	;;;;;	;;;;;	;;;;;	;;;;;	;;;;;	;;;;;	;;;;;	;;;;;	;;;;;	;;;;;	;;;;;
;;;;;	;;;;;	;;;;;	;;;;;	;;;;;	;;;;;	;;;;;	;;;;;	;;;;;	;;;;;	;;;;;	;;;;;	;;;;;	;;;;;	;;;;;	;;;;;	;;;;;	;;;;;	;;;;;	;;;;;	;;;;;	GER;;;;;	GER;;;LOH;;	;;;;;	;;;;;	;;;;;	;;;;;	;;;;;	;;;;;	;;;;;	;;;;;	;;;;;	;;;;;	;;;;;	;;;;;	;;;;;	;;;;;	;;;;;	;;;;;	;;;;;	;;;;;
;NON;;;;PLOS	;;;;;	;;;;;	;;;;;	;;;;;	;FSD;;;;	;FSD;;;;	GER;;;LOH;;	;;;;;	;;;;;	;;;;;	;;;;;	;;;;;	;;;;;	;;;;;	;;;;;	;;;;;	;;;;;	;;;;;	;;;;;	;;;;;	;;;;;	;;;;;	;;;;;	;;;;;	;;;;;	;;;;;	;;;;;	;;;;;	;;;;;	;;;;;	;;;;;	;;;;;	;;;;;	;;;;;	;;;;;	;;;;;	;;;;;	;;;;;	;;;;;	;;;;;
;;;;;	;;;;;	;;;;;	;;;;;	;;;;;	;;;;;	;;;;;	;;;;;	;;;;;	;;;;;	;;;;;	;;;;;	;;;;;	;;;;;	GER;;;LOH;;	;;;;;	;;;;;	;;;;;	;;;;;	;;;;;	;;;;;	;;;;;	;;;;;	;;;;;	;;;;;	;;;;;	;;;;;	;;;;;	;;;;;	;;;;;	;;;;;	;;;;;	;;;;;	;;;;;	;;;;;	;;;;;	;;;;;	;;;;;	;;;;;	;;;;;	;;;;;
;;;;;	;;;;;	;;;;;	;;;;;	GER;;;LOH;XLOS;	;;;;;	;;;;;	;;;;;	;;;;;	;;;;XLOS;	;;;;;	;;;;;	;;;;;	;;;;;	;;;;;	;;;;;	;;;;;	;;;;;	;;;;;	;;;;;	;;;;;	;;;;;	;;;;;	;;;;;	;;;;;	;;;;;	;;;;;	;;;;;	;;;;;	;;;;;	;;;;;	;;;;;	;;;;;	;;;;;	;;;;;	;;;;;	;;;;;	;;;;;	;;;;;	;;;;;	;;;;;
;;;;;	;;;;;	;;;;;	;;;;;	;;;;;	;;;;;	;;;;;	;;;;;	;;;;;	;;;;;	;;;;;	;;;;;	;;;;;	GER;;;LOH;;	;;;;;	;;;;;	;;;;;	;;;;;	;;;;;	;;;;;	;;;;;	;;;;;	;;;;;	;;;;;	;;;;;	;;;;;	;;;;;	;;;;;	;;;;;	;;;;;	;;;;;	;;;;;	;;;;;	;;;;;	;;;;;	;;;;;	;;;;;	;;;;;	;;;;;	;;;;;	;;;;;
;NON;;;;	;MIS;;;;	;;;;;	;;;;;	;;;;;	;;;;;	;;;;;	;;;;;	;;;;;	;;;;;	;;;;;	;;;;XGAI;	;;;;;	;;;;XLOS;	;;;;;	;;;;XLOS;	;;;;XGAI;	;;;;;	;;;;;	GER;;;LOH;;	;;;;;	;;;;;	;;;;;	;;;;;	;;;;;	;;;;;	;;;;;	;;;;;	;;;;;	;;;;;	;;;;;	;;;;;	;;;;;	;;;;;	;;;;;	;;;;;	;;;;XGAI;	;;;;;	;;;;;	;;;;;	;;;;XGAI;
;;;;;	;;;;;	;;;;;	;;;;;	;;;;;	;;;;;	;;;;;	;;;;;	;;;;;	GER;;LOS;LOH;;	;;;;;	;;;;;	;;;;;	;;;;;	;;;;;	;;;;;	;;;;;	;;;;;	;;;;;	;;;;;	;;;;;	;;;;;	;;;;;	;;;;;	;;;;;	;;;;;	;;;;;	;;;;;	;;;;;	;;;;;	;;;;;	;;;;;	;;;;;	;;;;;	;;;;;	;;;;;	;;;;;	;;;;;	;;;;;	;;;;;	;;;;;
;;;;;	;;;;;	;;;;;	;;;;;	;;;;;	;;;;;	;;;;;	;;;;;	;;;;;	;;;;;	;;;;;	;;;;;	;;;;;	;;;;;	;;;;;	;;;;;	;;;;;	;;;;;	;;;;;	;;;;;	;;;;;	;;;;;	;;;;;PLOS	;;;;;	;;;;;	GER;;;;;	;;;;;	;;;;;	;;;;;PGAI	;;;;;	;;;;;	;;;;;	;;;;;	;;;;;	;;;;;	;;;;;	;;;;;	;;;;;	;;;;;	;;;;;	;;DEL;;;
;;;;;	;;;;;	;;;;;	;;;;;	;;;;;	;;;;;	;;;;;PLOS	;;;;;PLOS	;;;;;	;;;;;	;;;;;	;;;;;	;;;;;	;;;;;	;;;;;	;;;;;	;;;;;	;;;;;	;;;;;	;;;;;	;;;;;	;;;;;	;;;;;	;;;;;	;;;;;	;;;;;PLOS	;;;;;	;;;;;	;;;;;	;;;;;	;;;;;	;;;;;	;;;;;	;;;;;	;;;;;	;;;;;	;;;;;PGAI	;;;;;	;;;;;	;;;;;	GER;;;LOH;;
;;;;;	GER;;;LOH;;	;;;;;	;;;;;	;;;;;PLOS	;;;;;PLOS	;;;;;	;;;;;	;;;;;	;;;;;	;;;;;	;;;;;	;;;;;	;;;;;	;;;;;PLOS	;;;;;	;;;;;	;;;;;	;;;;;	;;;;;	;;;;;	;;;;;	;;;;;	;;;;;	;;;;;	;;;;;	;;;;;	;;;;;	;;;;;	;;;;;	;;;;;	;;;;;	;;;;;	;;;;;	;;;;;	;;;;;	;;;;;	;;;;;	;;;;;	GER;;;LOH;;	;;;;;
;FSD;;;;	;MIS;;;;	GER;;;;;	;;;;;	;;;;;	;;;;;	;;;;;	;;;;;	;;;;;	;;;;;	;;;;;	;;;;;	;;;;;	;;;;;	;;;;;	;;;;;	;;;;;	;;;;;	;;;;;	;FSD;;;;	;;;;XGAI;	;;;;;	;;;;;	;;;;;	;;;;;	;;;;;	;;;;;	;;;;;	;;;;;	;;;;;	;;;;;	GER;;LOS;LOH;XLOS;	;;;;;	;;;;;	;;;;;	;;;;;	;;;;;	;;;;;	;;;;;	;;;;;	;;DEL;;;
;;;;;	;;;;;	;;;;;	GER;;LOS;LOH;;	;;;;;	;;;;;	;;;;;	;;;;;	;;;;;	;;;;;	;;;;;	;;;;;	;;;;;	;;;;;	;;;;;	;;;;;	;;;;;	;;;;;	;;;;;	;;;;;	;;;;;	;;;;;	;;;;;	;;;;;	;;;;;	;;;;;	;;;;;	;;;;;	;;;;;	;;;;;	;;;;;	;;;;;	;;;;;	;;;;;	;;;;;	;;;;;	;;;;;	;;;;;	;;;;;	;;;;;	;;;;;
;;;;;	;;;;;	;;;;;	;;;;;	;;;;;	;;;;;	;;;;;	;;;;;	;;;;;	;;;;;	;;;;;	;;;;;	;;;;;	;;;;;	;;;;;	;;;;XLOS;	GER;;;LOH;XLOS;	;;;;;	;;;;;	;;;;;	;;;;;	;;;;;	;;;;;	;;;;;	;;;;;	;;;;;	;;;;;	;;;;;	;;;;;	;;;;;	;;;;;	;;;;;	;;;;;	;;;;;	;;;;;	;;;;;	;;;;;	;;;;;	;;;;;	;;;;;	;;;;;
;;;;;	;MIS;;;;	;;;;;	;;;;;	;;;;;	;;;;;	;;;;;	;;;;;	;;;;;	;;;;;	;;;;;	;;;;;	;;;;;	;;;;;	;;;;;	;;;;;	;;;;;	;MIS;;;;	GER;;LOS;;;	;;;;;	;;;;;	;;;;;	;;;;;	;;;;;	;;;;;	;;;;;	;;;;;	;;;;;	;;;;;	;;;;;	;;;;;	;;;;;	;;;;;	;;;;;	;;;;;	;;;;;	;;;;;	;;;;;	;;;;;	;;;;;	;;;;;
;;;;;	;;;;;	;;;;;	;;;;;	;;;;;	;;;;;	;;;;;	;;;;;	;;;;;	;;;;;	GER;;;LOH;;	;;;;;	;;;;;	;;;;;	;;;;;	;;;;;	;;;;;	;;;;;	;;;;;	;;;;;	;;;;;	;;;;;	;;;;;	;;;;;	;;;;;	;;;;;	;;;;;	;;;;;	;;;;;	;;;;;	;;;;;	;;;;;	;;;;;	;;;;;	;;;;;	;;;;;	;;;;;	;;;;;	;;;;;	;;;;;	;;;;;
;;;;;	;;;;;	;;;;;	;;;;;	;;;;;	GER;;;;XLOS;	;;;;;	;;;;;	;;;;;	;;;;;	;;;;;	;;;;;	;;;;;	;;;;;	;;;;;	;;;;;	;;;;;	;;;;;	;;;;;	;;;;;	;;;;;	;;;;;	;;;;;	;;;;;	;;;;;	;;;;;	;;;;;	;;;;;	;;;;;	;;;;;	;;;;;	;;;;;	;;;;;	;;;;;	;;;;;	;;;;;	;;;;;	;;;;;	;;;;;	;;;;;	;;;;;
;;;;;	;;;;;	GER;;LOS;;;	;;;;;	;;;;;	;;;;;	;;;;;	;;;;;	;;;;;	;;;;;	;;;;;	;;;;;	;;;;;	;;;;;	;;;;;	;;;;;	;;;;;	;;;;;	;;;;;	;;;;;	;;;;;	;;;;;	;;;;;	;;;;;	;;;;;	;;;;;	;;;;;	;;;;;	;;;;;	;;;;;	;;;;;	;;;;;	;;;;;	;;;;;	;;;;;	;;;;;	;;;;;	;;;;;	;;;;;	;;;;;	;;;;;
;;;;;	;;;;;	;;;;;	GER;;;LOH;;	;;;;;	;;;;;	;;;;;	;;;;;	;;;;;	;;;;;	;;;;;	;;;;;	;;;;;	;;;;;	;;;;;	;;;;;	;;;;;	;;;;;	;;;;;	;;;;;	;;;;;	;;;;;	;;;;;	;;;;;	;;;;;	;;;;;	;;;;;	;;;;;	;;;;;	;;;;;	;;;;;	;;;;;	;;;;;	;;;;;	;;;;;	;;;;;	;;;;;	;;;;;	;;;;;	;;;;;	;;;;;
;;;;;	;FSD;;;;	;;;;;	;;;;;	;;;;;	;NON;;;;PLOS	GER;;;LOH;;	;;;;;	;;;;;	;;;;;	;;;;;	;;;;;	;;;;;	;;;;;	;;;;;	;;;;;	;;;;;	;;;;;	;;;;;	;;;;;	;;;;;	;;;;;	;;;;;	;;;;;	;;;;;	;;;;;	;;;;;	;;;;;	;;;;;	;;;;;	;;;;;	;;;;;PGAI	;;;;;	;;;;;	;;;;;	;;;;;	;;;;;	;;;;;	;;;;;	;;;;;	;;;;;
