Kids_First_Biospecimen_ID_normal	Kids_First_Participant_ID	Kids_First_Biospecimen_ID_tumor	plot_group	molecular_subtype	Hugo_Symbol	autogvp_call	autogvp_call_reason	chr	start	ref	alt	HGVSc	HGVSp	CNV_status_somatic	proband_germline_vaf	proband_tumor_vaf	loh_score	gene_LOH
BS_ZRVFD8TY	PT_WYVMWYVA	BS_HC4T1EEP	Choroid plexus tumor	NA	KMT2C	Likely_pathogenic	InterVar	chr7	152247985	T	TA	c.2448_2449insT	p.Ile817TyrfsTer11	gain	0.28	0.17	-0.32999999999999996	0.10277777777777776
BS_YWHDJ7FE	PT_DEYCW197	BS_6XP91JM2	Low-grade glioma	LGG, KIAA1549-BRAF	EPHA7	Likely_pathogenic	InterVar	chr6	93356910	GC	G	c.1130del	p.Gly377AlafsTer19	neutral	0.5	0.44	-0.06	0.03000000000000001
BS_YG4EJAF4	PT_V3Q78E6F	BS_7RQCH5Y7	Ependymoma	EPN, To be classified	PIK3R1	Pathogenic	ClinVar	chr5	68273995	C	T	c.484C>T	p.Arg162Ter	neutral	0.45	0.33	-0.16999999999999998	0.13
BS_X7EQKJZH	PT_QT9T89S5	BS_T97EP8H0	Low-grade glioma	LGG, KIAA1549-BRAF	PPM1D	Likely_pathogenic	ClinVar	chr17	60663106	C	T	c.1372C>T	p.Arg458Ter	neutral	NA	NA	NA	0.074
BS_TG80SF4Z	PT_T4VKB29K	BS_MFTAVQ5C	Ependymoma	EPN, PF A	ROS1	Pathogenic	InterVar	chr6	117403279	T	C	c.466-2A>G	NA	loss	0.57	0.79	0.29000000000000004	0.35
BS_ST9MMP22	PT_ECBD1D5J	BS_84AQCZE4	Meningioma	NA	DYNC2H1	Pathogenic	ClinVar	chr11	103117852	C	T	c.988C>T	p.Arg330Cys	neutral	0.49	0.54	0.04000000000000003	0.05083333333333334
BS_RK06RAFZ	PT_EYX2CP9F	BS_8JFMP1T1	Mixed neuronal-glial tumor	NA	ROS1	Likely_pathogenic	InterVar	chr6	117366134	CA	C	c.2738del	p.Leu913TrpfsTer58	neutral	0.58	0.43	-0.07	NA
BS_QYFY15FA	PT_5KRVE8E4	BS_QX754ADQ	Craniopharyngioma	CRANIO, ADAM	ERBB4	Likely_pathogenic	InterVar	chr2	211788157	T	G	c.424A>C	p.Ile142Leu	neutral	0.49	0.57	0.06999999999999995	0.08080000000000001
BS_NCF4MJ9S	PT_3R0P995B	BS_75VHXMZN	Ependymoma	EPN, PF A	SLCO1B3	Likely_pathogenic	InterVar	chr12	20880939	AG	A	c.1417del	p.Val473SerfsTer7	neutral	0.54	0.51	0.01	0.05000000000000003
BS_NCF4MJ9S	PT_3R0P995B	BS_C9TNGEA0	Ependymoma	EPN, PF A	SLCO1B3	Likely_pathogenic	InterVar	chr12	20880939	AG	A	c.1417del	p.Val473SerfsTer7	neutral	0.54	0.44	-0.06	0.065
BS_MAZNT95V	PT_NBSRQAMS	BS_Q9NHTR7G	Mesenchymal tumor	EWS	SLCO1B3	Likely_pathogenic	InterVar	chr12	20880963	TTACC	T	c.1442_1445del	p.Tyr481CysfsTer5	neutral	0.46	0.52	0.02000000000000001	0.0225
BS_J996NDK4	PT_VABP80N2	BS_R913E3VB	Low-grade glioma	LGG, KIAA1549-BRAF	ERBB4	Likely_pathogenic	InterVar	chr2	211619187	T	C	c.2291A>G	p.Glu764Gly	neutral	0.59	0.44	-0.06	0.08547169811320755
BS_J7WQHJDQ	PT_A594A46X	BS_6Y7FX7QJ	Mixed neuronal-glial tumor	GNG, other MAPK	PIK3C2B	Pathogenic	InterVar	chr1	204454721	G	A	c.2014C>T	p.Arg672Ter	neutral	0.55	0.51	0.01	0.04000000000000001
BS_G473TPVG	PT_XNTFM9XY	BS_WD37M8SD	Other tumor	NA	PIK3C2G	Likely_pathogenic	InterVar	chr12	18399830	TGGGC	T	c.2299_2302del	p.Gly767PhefsTer2	neutral	0.33	0.51	0.01	0.04749999999999999
BS_F4V6RWJ9	PT_W6CW60K9	BS_ZX1YPQ88	Craniopharyngioma	CRANIO, ADAM	ERBB4	Pathogenic	InterVar	chr2	212538447	A	C	c.82+2T>G	NA	neutral	0.3	0.41	-0.09000000000000002	0.375
BS_F4V6RWJ9	PT_W6CW60K9	BS_ZX1YPQ88	Craniopharyngioma	CRANIO, ADAM	ROS1	Pathogenic	ClinVar	chr6	117360384	C	T	c.3388G>A	p.Gly1130Arg	neutral	0.5	0.44	-0.06	NA
BS_EE7684YB	PT_ZS2YDFBE	BS_P6NWC51S	Choroid plexus tumor	NA	PIK3C2G	Pathogenic	InterVar	chr12	18424041	T	G	c.2504+2T>G	NA	gain	0.58	0.41	-0.09000000000000002	0.10375
BS_E4SBS246	PT_2YCHME6S	BS_MZB884N9	Low-grade glioma	LGG, FGFR	DDX11	Pathogenic	ClinVar	chr12	31094622	C	CT	c.1403dup	p.Ser469ValfsTer32	neutral	0.5	0.44	-0.06	0.115
BS_DRNNKZYE	PT_596H0BQF	BS_8Q8CAY84	Mixed neuronal-glial tumor	NA	ROS1	Likely_pathogenic	InterVar	chr6	117389401	A	T	c.1735T>A	p.Ser579Thr	neutral	0.51	0.51	0.01	NA
BS_ASJMZMN6	PT_JXGMAHHN	BS_MWKJF6XH	Low-grade glioma	LGG, KIAA1549-BRAF	PIK3C2G	Likely_pathogenic	InterVar	chr12	18546379	T	A	c.3537T>A	p.Tyr1179Ter	neutral	0.48	0.59	0.08999999999999997	0.08193548387096775
BS_9S3N3Y5W	PT_N9CGVG02	BS_ABENB1H2	Low-grade glioma	LGG, KIAA1549-BRAF, RTK	LYST	Pathogenic	ClinVar	chr1	235746522	G	A	c.7786C>T	p.Arg2596Ter	neutral	0.52	0.64	0.14	0.09789473684210528
BS_9G82HJFA	PT_59D00MBQ	BS_3E5C1PN1	DIPG or DMG	DMG, H3 K28, TP53	TDRD9	Likely_pathogenic	InterVar	chr14	104007161	C	CA	c.2010dup	p.Trp671MetfsTer16	neutral	0.61	0.48	-0.02000000000000001	0.132
BS_9G82HJFA	PT_59D00MBQ	BS_QG6V29H7	DIPG or DMG	DMG, H3 K28, TP53	TDRD9	Likely_pathogenic	InterVar	chr14	104007161	C	CA	c.2010dup	p.Trp671MetfsTer16	neutral	0.61	0.47	-0.03000000000000002	0.08500000000000002
BS_6K3Y2WXF	PT_JW6FBEFK	BS_3P96RT4E	Low-grade glioma	SEGA, To be classified	GAB2	Pathogenic	InterVar	chr11	78226579	G	A	c.1093C>T	p.Arg365Ter	neutral	0.33	0.41	-0.09000000000000002	0.05571428571428571
BS_668350EZ	PT_NK8A49X5	BS_1MME7FBS	DIPG or DMG	DMG, H3 K28	KDM6B	Likely_pathogenic	InterVar	chr17	7847302	GATGGA	G	c.1108_1112del	p.Met370LeufsTer32	neutral	NA	NA	NA	NA
BS_668350EZ	PT_NK8A49X5	BS_6DT506HY	DIPG or DMG	DMG, H3 K28	KDM6B	Likely_pathogenic	InterVar	chr17	7847302	GATGGA	G	c.1108_1112del	p.Met370LeufsTer32	neutral	NA	NA	NA	NA
BS_668350EZ	PT_NK8A49X5	BS_6JBE0947	DIPG or DMG	DMG, H3 K28	KDM6B	Likely_pathogenic	InterVar	chr17	7847302	GATGGA	G	c.1108_1112del	p.Met370LeufsTer32	neutral	0.62	0.02	-0.48	NA
BS_668350EZ	PT_NK8A49X5	BS_AHAXPFG3	DIPG or DMG	DMG, H3 K28	KDM6B	Likely_pathogenic	InterVar	chr17	7847302	GATGGA	G	c.1108_1112del	p.Met370LeufsTer32	neutral	NA	NA	NA	NA
BS_668350EZ	PT_NK8A49X5	BS_GKXD33YH	DIPG or DMG	DMG, H3 K28	KDM6B	Likely_pathogenic	InterVar	chr17	7847302	GATGGA	G	c.1108_1112del	p.Met370LeufsTer32	neutral	NA	NA	NA	NA
BS_668350EZ	PT_NK8A49X5	BS_HEJ72V3F	DIPG or DMG	DMG, H3 K28	KDM6B	Likely_pathogenic	InterVar	chr17	7847302	GATGGA	G	c.1108_1112del	p.Met370LeufsTer32	neutral	NA	NA	NA	NA
BS_668350EZ	PT_NK8A49X5	BS_1MME7FBS	DIPG or DMG	DMG, H3 K28	KDM6B	Likely_pathogenic	InterVar	chr17	7847310	C	CACCAGCAG	c.1115_1116insACCAGCAG	p.Ser373ProfsTer117	neutral	NA	NA	NA	NA
BS_668350EZ	PT_NK8A49X5	BS_6DT506HY	DIPG or DMG	DMG, H3 K28	KDM6B	Likely_pathogenic	InterVar	chr17	7847310	C	CACCAGCAG	c.1115_1116insACCAGCAG	p.Ser373ProfsTer117	neutral	0.61	0.12	-0.38	NA
BS_668350EZ	PT_NK8A49X5	BS_6JBE0947	DIPG or DMG	DMG, H3 K28	KDM6B	Likely_pathogenic	InterVar	chr17	7847310	C	CACCAGCAG	c.1115_1116insACCAGCAG	p.Ser373ProfsTer117	neutral	0.61	0.29	-0.21	NA
BS_668350EZ	PT_NK8A49X5	BS_AHAXPFG3	DIPG or DMG	DMG, H3 K28	KDM6B	Likely_pathogenic	InterVar	chr17	7847310	C	CACCAGCAG	c.1115_1116insACCAGCAG	p.Ser373ProfsTer117	neutral	NA	NA	NA	NA
BS_668350EZ	PT_NK8A49X5	BS_GKXD33YH	DIPG or DMG	DMG, H3 K28	KDM6B	Likely_pathogenic	InterVar	chr17	7847310	C	CACCAGCAG	c.1115_1116insACCAGCAG	p.Ser373ProfsTer117	neutral	NA	NA	NA	NA
BS_668350EZ	PT_NK8A49X5	BS_HEJ72V3F	DIPG or DMG	DMG, H3 K28	KDM6B	Likely_pathogenic	InterVar	chr17	7847310	C	CACCAGCAG	c.1115_1116insACCAGCAG	p.Ser373ProfsTer117	neutral	0.61	0.31	-0.19	NA
BS_61KN2D29	PT_QTDY0Y9A	BS_1S5V7WWC	DIPG or DMG	DMG, H3 K28	SLCO1B3	Likely_pathogenic	InterVar	chr12	20883584	TTATC	T	c.1666_1669del	p.Ile556CysfsTer2	neutral	0.53	0.51	0.01	0.0375
BS_61AK2H2N	PT_GY99ZJHV	BS_17FVWMNV	Choroid plexus tumor	NA	DYNC2H1	Pathogenic	ClinVar	chr11	103125197	C	T	c.1759C>T	p.Arg587Cys	gain	0.56	0.33	-0.16999999999999998	0.16352941176470587
BS_0MRKTX2B	PT_Y8HSH496	BS_06GPPDHZ	Low-grade glioma	LGG, wildtype	MN1	Likely_pathogenic	InterVar	chr22	27798945	T	TGC	c.1598_1599insGC	p.Gln534HisfsTer25	neutral	NA	NA	NA	0
BS_05H4Y3ZF	PT_BNARR0N6	BS_99PPRCW4	Ependymoma	EPN, PF A	ROS1	Likely_pathogenic	InterVar	chr6	117389665	G	T	c.1471C>A	p.Leu491Met	neutral	0.45	0.59	0.08999999999999997	0.06333333333333334
