Kids_First_Biospecimen_ID_normal	Kids_First_Biospecimen_ID_rna	plot_group	molecular_subtype	Hugo_Symbol	autogvp_call	autogvp_call_reason	chr	start	ref	alt	HGVSc	HGVSp	expr	plot_group_hex	expr_zscore
BS_0754AZX0	BS_W9N9844Q	Other high-grade glioma	HGG, H3 wildtype, TP53	MSH6	Likely_pathogenic	ClinVar	chr2	47804908	A	G	c.3439-2A>G	NA	2.1043366598147357	#ffccf5	-1.6950244708553068
BS_0754AZX0	BS_W9N9844Q	Other high-grade glioma	HGG, H3 wildtype, TP53	MSH6	Likely_pathogenic	ClinVar	chr2	47805662	C	G	c.3601C>G	p.Leu1201Val	2.1043366598147357	#ffccf5	-1.6950244708553068
BS_0754AZX0	BS_W9N9844Q	Other high-grade glioma	HGG, H3 wildtype, TP53	MSH6	Likely_pathogenic	ClinVar	chr2	47806281	C	A	c.3724C>A	p.Arg1242Ser	2.1043366598147357	#ffccf5	-1.6950244708553068
BS_0KKH9VKP	BS_WKESC3XN	Other high-grade glioma	HGG, H3 wildtype, TP53	NF1	Pathogenic	ClinVar	chr17	31223470	A	G	c.1748A>G	p.Lys583Arg	4.042644337408494	#ffccf5	-0.5391327570689757
BS_0QC2QX0P	BS_RB2S0KDF	Meningioma	NA	BRCA1	Pathogenic	ClinVar	chr17	43124027	ACT	A	c.68_69del	p.Glu23ValfsTer17	1.6461626571578936	#2db398	1.536050136418985
BS_0RVVY4PS	NA	Craniopharyngioma	CRANIO, ADAM	EXT2	Likely_pathogenic	InterVar	chr11	44114237	G	T	c.679G>T	p.Asp227Tyr	NA	NA	NA
BS_0WDJRMAB	NA	DIPG or DMG	DMG, H3 K28, TP53	APC	Likely_pathogenic	ClinVar	chr5	112839514	T	A	c.3920T>A	p.Ile1307Lys	NA	NA	NA
BS_0Y1Y2WA4	BS_W80TJC27	Ependymoma	EPN, ST ZFTA	SDHA	Pathogenic	ClinVar	chr5	240396	G	T	c.1471G>T	p.Glu491Ter	2.604071323668861	#2200ff	-1.8110449728515885
BS_0YFQF89N	BS_WJGFDRWK	Mesenchymal tumor	EWS	MUTYH	Pathogenic	ClinVar	chr1	45332446	G	A	c.649C>T	p.Arg217Cys	2.521050736900963	#7fbf00	-0.07056022942978384
BS_0YJF1F95	BS_6YMJ621P	Meningioma	NA	SMARCE1	Pathogenic	ClinVar	chr17	40632281	TCTCA	T	c.624_627del	p.Ser208ArgfsTer26	2.1009776477248208	#2db398	-2.4709897419131215
BS_14EZDZE6	BS_B6M763JS	Low-grade glioma	SEGA, To be classified	TSC1	Pathogenic	ClinVar	chr9	132905999	G	A	c.1579C>T	p.Gln527Ter	2.060047383669939	#8f8fbf	-2.3241192756629965
BS_1C3RDKQH	BS_60K3EQ9S	Non-neoplastic tumor	NA	TSC2	Pathogenic	ClinVar	chr16	2084567	T	TC	c.4351dup	p.Arg1451ProfsTer73	3.6229303509201767	#FFF5EB	-1.3861618858667257
BS_1GMX5YEM	BS_775HDFNY	Low-grade glioma	LGG, KIAA1549-BRAF	RAD51D	Pathogenic	ClinVar	chr17	35119613	T	C	c.1A>G	p.Met1?	2.2141248053528475	#8f8fbf	0.1407206733746858
BS_1K0Q5YZY	BS_QRJX9QWS	Germ cell tumor	NA	FANCA	Pathogenic	ClinVar	chr16	89745062	GCCA	G	c.3520_3522del	p.Trp1174del	3.876762490781555	#0074d9	0.3754283668211976
BS_1Z7Y81NW	BS_Z7G68ZS2	Non-neoplastic tumor	NA	PMS2	Likely_pathogenic	ClinVar	chr7	6005918	C	A	c.137G>T	p.Ser46Ile	1.8196681834964554	#FFF5EB	-0.7164698184738543
BS_26CXGVJ0	BS_401R3KV0	Low-grade glioma	LGG, other MAPK	GJB2	Likely_pathogenic	ClinVar	chr13	20189605	T	G	c.-22-2A>C	NA	0.04264433740849372	#8f8fbf	-0.5561721546295657
BS_29YQSB5E	NA	DIPG or DMG	DMG, H3 K28, TP53	XPC	Pathogenic	ClinVar	chr3	14152376	T	A	c.2074A>T	p.Lys692Ter	NA	NA	NA
BS_2EAATK5V	BS_6P50QTPP	Low-grade glioma	LGG, FGFR, NF1-germline	NF1	Pathogenic	ClinVar	chr17	31182594	CT	C	c.818del	p.Leu273ProfsTer8	2.526068811667588	#8f8fbf	-2.758143863219443
BS_2G2VJT4R	BS_ZF34SJGN	Craniopharyngioma	CRANIO, ADAM	PRF1	Pathogenic	ClinVar	chr10	70599064	G	T	c.657C>A	p.Tyr219Ter	1.1110313123887439	#b2502d	-0.009765191962426837
BS_2TZNPK1V	BS_MD3DT41J	Mesenchymal tumor	NA	VHL	Likely_pathogenic	InterVar	chr3	10146573	GA	G	c.402del	p.Glu134AspfsTer25	3.1292830169449664	#7fbf00	-0.34208128021275164
BS_345M1B93	NA	Mixed neuronal-glial tumor	GNT, To be classified	ABCB11	Likely_pathogenic	ClinVar	chr2	168996709	C	T	c.403G>A	p.Glu135Lys	NA	NA	NA
BS_382HZBG4	BS_6NRTJSYK	Other tumor	PB, Group 1	COL7A1	Pathogenic	ClinVar	chr3	48589643	A	G	c.2126T>C	p.Val709Ala	1.3840498067951599	#b5b5b5	-0.34256686919018725
BS_38D5GXR1	BS_MF47B9ZW	Mixed neuronal-glial tumor	GNG, wildtype	FANCC	Pathogenic	ClinVar	chr9	95135345	C	T	c.843+1G>A	NA	0.6780719051126377	#685815	-0.583323731963004
BS_3BC5EX6K	BS_MA2T7ET1	Ependymoma	EPN, MPE	GJB2	Likely_pathogenic	ClinVar	chr13	20189605	T	G	c.-22-2A>C	NA	0.6135316529179271	#2200ff	0.44213154081944506
BS_3CK0QVDX	BS_3NNQ6PSB	Other tumor	PB, To be classified	ATM	Pathogenic	ClinVar	chr11	108227860	A	T	c.157A>T	p.Lys53Ter	4.089159131911238	#b5b5b5	0.8866780045338408
BS_3CK0QVDX	BS_3NNQ6PSB	Other tumor	PB, To be classified	GJB2	Pathogenic	ClinVar	chr13	20189547	C	A	c.35G>T	p.Gly12Val	0	#b5b5b5	-0.9794961231320497
BS_3DHNFFV6	BS_VXHWZJDC	Germ cell tumor	NA	ATM	Pathogenic	ClinVar	chr11	108284280	AG	A	c.3802del	p.Val1268Ter	2.7463127664254587	#0074d9	-0.4168302402978372
BS_40QCA1MC	BS_P277RYX5	Mixed neuronal-glial tumor	GNG, NF1-germline	NF1	Pathogenic	ClinVar	chr17	31357308	C	T	c.7909C>T	p.Arg2637Ter	2.657640005207824	#685815	-2.095456105875949
BS_40QCA1MC	BS_P277RYX5	Mixed neuronal-glial tumor	GNG, NF1-germline	FANCD2	Likely_pathogenic	InterVar	chr3	10041646	C	G	c.719C>G	p.Ser240Ter	0.9927684307689242	#685815	0.894838834299696
BS_4AM9C504	BS_P0QF87WC	Other high-grade glioma	HGG, H3 wildtype, TP53	TP53	Pathogenic	ClinVar	chr17	7675994	C	G	c.375G>C	p.Thr125=	2.8196681834964554	#ffccf5	-1.3114333757032242
BS_4EAVBDKR	BS_J1AB8PMA	Medulloblastoma	MB, SHH	GJB2	Pathogenic	ClinVar	chr13	20189563	G	A	c.19C>T	p.Gln7Ter	0.08406426478847455	#a340ff	-0.0509687763099942
BS_4EK9WVET	BS_02NZT8CE	Low-grade glioma	LGG, NF1-somatic, NF1-germline	NF1	Likely_pathogenic	InterVar	chr17	31260402	A	AAGTGATGC	c.4468_4475dup	p.Asn1493MetfsTer3	3.655351828612554	#8f8fbf	-0.6212395615363625
BS_4HD33MVB	BS_K3ER45RV	Medulloblastoma	MB, WNT	APC	Likely_pathogenic	InterVar	chr5	112838589	C	T	c.2995C>T	p.Gln999Ter	3.049630767724601	#a340ff	-2.031007892524383
BS_4RV40GPD	BS_1JDG6JV5	Low-grade glioma	LGG, KIAA1549-BRAF	POLH	Likely_pathogenic	InterVar	chr6	43604663	AC	A	c.936del	p.Arg313GlyfsTer32	1.6088092426755238	#8f8fbf	-0.1607033671475287
BS_5N2GEGMD	BS_TA9WP4TH	Medulloblastoma	MB, Group4	ERCC2	Pathogenic	ClinVar	chr19	45352780	A	AC	c.1867dup	p.Val623GlyfsTer26	2.2016338611696504	#a340ff	-1.255918534022297
BS_63JFFF51	BS_QXKRN6CR	Ependymoma	EPN, ST ZFTA	SLX4	Likely_pathogenic	InterVar	chr16	3591125	TC	T	c.2512del	p.Asp838ThrfsTer9	0.9335726382610241	#2200ff	-0.8575516062551075
BS_63JFFF51	BS_QXKRN6CR	Ependymoma	EPN, ST ZFTA	RECQL4	Pathogenic	InterVar	chr8	144512562	C	G	c.2886-1G>C	NA	1.713695814843359	#2200ff	0.11210502997457515
BS_6FD0SW6E	BS_FX2P2WEG	Other high-grade glioma	HGG, H3 wildtype, TP53	PMS2	Likely_pathogenic	ClinVar	chr7	6005918	C	A	c.137G>T	p.Ser46Ile	2.6322682154995127	#ffccf5	-0.20372456532495695
BS_6K3Y2WXF	BS_3BVVWHP5	Low-grade glioma	SEGA, To be classified	TSC2	Likely_pathogenic	ClinVar	chr16	2086815	TTTGTGTCCA	T	c.4938_4946del	p.Ser1647_Val1649del	3.496973580998276	#8f8fbf	-1.4129405592783026
BS_6K3Y2WXF	BS_3BVVWHP5	Low-grade glioma	SEGA, To be classified	ASXL1	Pathogenic	InterVar	chr20	32429336	A	G	c.472-2A>G	NA	2.3673710656485296	#8f8fbf	-2.360521127885597
BS_6K3Y2WXF	BS_3BVVWHP5	Low-grade glioma	SEGA, To be classified	APC	Likely_pathogenic	ClinVar	chr5	112839514	T	A	c.3920T>A	p.Ile1307Lys	4.06522762277562	#8f8fbf	-1.3992153102404297
BS_6VTM903X	BS_K17VQECG	Other high-grade glioma	HGG, H3 wildtype, TP53	MUTYH	Pathogenic	ClinVar	chr1	45331699	AG	A	c.1063del	p.Ala357ProfsTer23	2.7463127664254587	#ffccf5	-0.6654611353229782
BS_751B2CF8	BS_9GJ23RHH	Mesenchymal tumor	NA	POLE	Likely_pathogenic	InterVar	chr12	132642548	AG	A	c.4909del	p.Leu1637SerfsTer13	3.6322682154995127	#7fbf00	0.3386098733468422
BS_751B2CF8	BS_9GJ23RHH	Mesenchymal tumor	NA	BUB1B	Pathogenic	ClinVar	chr15	40210185	ACT	A	c.2363_2364del	p.Ser788CysfsTer29	3.0107798387532423	#7fbf00	0.7263744062825155
BS_7CBZW7P6	BS_29X4ZX6Q	Other high-grade glioma	HGG, H3 wildtype, TP53	RMRP	Pathogenic	ClinVar	chr9	35657776	T	C	NA	NA	13.122208408641855	#ffccf5	-0.10705496900360306
BS_7QH9BCJQ	BS_RCC8BXVE	Medulloblastoma	MB, SHH	SUFU	Pathogenic	InterVar	chr10	102504332	C	G	c.180C>G	p.Tyr60Ter	1.4750848829487828	#a340ff	-2.1781335119692757
BS_7XEH55CB	BS_GSVCN2XC	Choroid plexus tumor	NA	TP53	Pathogenic	ClinVar	chr17	7675995	G	C	c.374C>G	p.Thr125Arg	3.341985747228616	#00441B	0.9876211122910201
BS_85TADN40	BS_MB7WN0ZB	DIPG or DMG	DMG, H3 K28	ATM	Pathogenic	ClinVar	chr11	108251924	A	G	c.1695A>G	p.Glu565=	3.9699332746978557	#ff40d9	0.031096874450806448
BS_8782G07F	BS_CHDGRYHJ	Medulloblastoma	MB, Group3	FAH	Pathogenic	ClinVar	chr15	80173089	C	T	c.782C>T	p.Pro261Leu	0.36737106564852945	#a340ff	-1.2187999670913803
BS_8782G07F	BS_CHDGRYHJ	Medulloblastoma	MB, Group3	APC	Likely_pathogenic	ClinVar	chr5	112839514	T	A	c.3920T>A	p.Ile1307Lys	5.037821465434967	#a340ff	1.3839544248613034
BS_88B4WV6J	BS_GPEGRCCT	Low-grade glioma	LGG, BRAF V600E	GJB2	Pathogenic	ClinVar	chr13	20189166	C	T	c.416G>A	p.Ser139Asn	0.056583528366367514	#8f8fbf	-0.5356905565709239
BS_8HZ761SQ	NA	Meningioma	NA	SMARCE1	Pathogenic	ClinVar	chr17	40631693	G	A	c.715C>T	p.Arg239Ter	NA	NA	NA
BS_8Q2EAYJR	BS_F5BZSF3Q	Non-neoplastic tumor	NA	ATM	Pathogenic	ClinVar	chr11	108289006	A	AT	c.4143dup	p.Pro1382SerfsTer6	2.2016338611696504	#FFF5EB	-1.706200453415034
BS_8Q2EAYJR	BS_F5BZSF3Q	Non-neoplastic tumor	NA	CDKN2A	Pathogenic	ClinVar	chr9	21974861	C	A	NA	NA	1.01435529297707	#FFF5EB	-0.45249298615592964
BS_8YD46AZB	BS_0J9SHHSC	Low-grade glioma	LGG, KIAA1549-BRAF	FANCM	Pathogenic	ClinVar	chr14	45198718	C	T	c.5791C>T	p.Arg1931Ter	1.0071955014042038	#8f8fbf	0.7619702848952621
BS_92SK6DD8	BS_68BW2163	Low-grade glioma	LGG, FGFR	FANCA	Pathogenic	ClinVar	chr16	89745026	T	TC	c.3558dup	p.Arg1187GlufsTer28	0.7136958148433591	#8f8fbf	-0.8262964828002863
BS_938K7FSV	BS_DY9NTFQR	Non-neoplastic tumor	NA	NTHL1	Pathogenic	ClinVar	chr16	2046131	TG	T	c.350del	p.Pro117GlnfsTer12	1.4005379295837286	#FFF5EB	-2.7693701824587462
BS_95P46VE0	BS_CXVJK2FY	Ependymoma	EPN, ST ZFTA	LZTR1	Pathogenic	ClinVar	chr22	20982391	C	CG	c.27dup	p.Gln10AlafsTer24	3.475084882948783	#2200ff	0.902302901394312
BS_96TV932S	BS_YEQVW4ND	Low-grade glioma	LGG, RTK, CDKN2A/B	FAH	Pathogenic	ClinVar	chr15	80180230	G	A	c.1062+5G>A	NA	2.192194165283345	#8f8fbf	-0.9943177174906747
BS_98RN7Y9D	BS_DPF1CX0G	Low-grade glioma	LGG, KIAA1549-BRAF	TERT	Likely_pathogenic	ClinVar	chr5	1278640	C	T	c.2286+1G>A	NA	0	#8f8fbf	-0.3002536388216149
BS_9A5CF1QE	BS_8Z3SCKB5	Low-grade glioma	SEGA, To be classified	TSC2	Pathogenic	ClinVar	chr16	2060655	G	A	c.976-15G>A	NA	2.9164766444377164	#8f8fbf	-2.4250232630151722
BS_9HYDMBBW	BS_GWCRMKE6	Low-grade glioma	LGG, wildtype	BRCA1	Likely_pathogenic	ClinVar	chr17	43051107	C	A	c.5288G>T	p.Gly1763Val	1.3673710656485294	#8f8fbf	0.18905591519502624
BS_9R1ENMBP	BS_KP735TJ6	Other high-grade glioma	IHG, NTRK-altered	WRN	Pathogenic	ClinVar	chr8	31111747	C	T	c.2221C>T	p.Arg741Ter	1.2387868595871168	#ffccf5	-1.1860440860399881
BS_ACZNJGV3	BS_W18SF91A	Non-neoplastic tumor	NA	TSC1	Pathogenic	ClinVar	chr9	132902640	G	A	c.2356C>T	p.Arg786Ter	2.715893370547605	#FFF5EB	-0.7782017700443946
BS_ANZ9H60A	BS_T9A8JJW5	Other high-grade glioma	DHG, H3 G35, TP53	RECQL4	Pathogenic	ClinVar	chr8	144513260	ACGCCCGGCC	A	c.2412_2420del	p.Ala805_Arg807del	2.389566811762726	#ffccf5	-0.2253315122466916
BS_B2AFNXS1	BS_15ETQ0E4	Atypical Teratoid Rhabdoid Tumor	ATRT, MYC	PTPN11	Pathogenic	ClinVar	chr12	112472961	G	T	c.774G>T	p.Glu258Asp	3.523561956057013	#4d0d85	-1.2855028487496183
BS_BE3DW3RB	BS_PKK3BZRG	Choroid plexus tumor	NA	RMRP	Pathogenic	ClinVar	chr9	35658027	A	AGCTTCACAGAGTAGT	NA	NA	14.496037350438618	#00441B	0.682545080750593
BS_BPDT230W	BS_3EVSN5QD	Low-grade glioma	SEGA, To be classified	TSC2	Likely_pathogenic	InterVar	chr16	2062516	TG	T	c.1278del	p.Ile427SerfsTer22	1.996388746447621	#8f8fbf	-4.029174790481919
BS_C8EYP5BV	BS_YG0A13JH	Low-grade glioma	LGG, MAPK	RECQL4	Pathogenic	ClinVar	chr8	144513260	ACGCCCGGCC	A	c.2412_2420del	p.Ala805_Arg807del	1.8836208162856714	#8f8fbf	1.4593042457829832
BS_CFJYJAA3	BS_9TXEDSWB	Other high-grade glioma	HGG, H3 wildtype	RAD50	Pathogenic	ClinVar	chr5	132609339	CAAAG	C	c.2983_2986del	p.Glu995ArgfsTer2	1.5410191531335593	#ffccf5	-1.790488767135282
BS_CJFTT8ZC	BS_N1E0H8YQ	Low-grade glioma	LGG, KIAA1549-BRAF	FANCD2	Likely_pathogenic	InterVar	chr3	10043079	T	TC	c.919dup	p.Leu307ProfsTer20	0.27500704749986976	#8f8fbf	-1.2989075532022167
BS_CX6SQF8T	BS_HD4EJYE3	Medulloblastoma	MB, Group4	EZH2	Likely_pathogenic	InterVar	chr7	148847273	T	C	c.26A>G	p.Glu9Gly	3.5631581304028077	#a340ff	-0.0984341929582529
BS_CZGNQ9KQ	BS_KX6J8TRK	Low-grade glioma	LGG, NF1-somatic, NF1-germline, FGFR	APC	Likely_pathogenic	ClinVar	chr5	112839514	T	A	c.3920T>A	p.Ile1307Lys	4.584361252518709	#8f8fbf	-0.501263163004902
BS_D48QXYW6	NA	DIPG or DMG	DMG, H3 K28, TP53	PMS2	Pathogenic	ClinVar	chr7	5986933	A	AT	c.1831dup	p.Ile611AsnfsTer2	NA	NA	NA
BS_D7AKEXHJ	BS_WCRKYV0T	Low-grade glioma	LGG, wildtype	EZH2	Likely_pathogenic	InterVar	chr7	148814129	G	A	c.1681C>T	p.Arg561Cys	0.34482849699744117	#8f8fbf	-1.390858469326567
BS_DCEAZ94R	BS_KBT7MQ6H	Ependymoma	EPN, ST ZFTA	NF1	Pathogenic	ClinVar	chr17	31357308	C	T	c.7909C>T	p.Arg2637Ter	4.1440463696167065	#2200ff	1.0915854249889039
BS_DJ7XB1DM	BS_Z7Y2466H	Low-grade glioma	LGG, KIAA1549-BRAF	MUTYH	Pathogenic	ClinVar	chr1	45331218	TTCC	T	c.1353_1355del	p.Glu452del	2.1667154449664223	#8f8fbf	-0.7949237852234489
BS_E1EPMTD5	BS_SXRS2P6T	Low-grade glioma	LGG, KIAA1549-BRAF, RTK	FANCI	Likely_pathogenic	InterVar	chr15	89281212	AAAGTTGTTCTTCT	A	c.1427_1439del	p.Ser476LysfsTer34	0.9781956296816515	#8f8fbf	-0.38981962051517316
BS_E1SWA20C	BS_B1HVNV0T	Atypical Teratoid Rhabdoid Tumor	ATRT, SHH	RAD51D	Likely_pathogenic	ClinVar	chr17	35101206	G	A	c.898C>T	p.Arg300Ter	2.3161457422933562	#4d0d85	0.1187854748798419
BS_EE7684YB	BS_B741RZY9	Choroid plexus tumor	NA	SOS2	Likely_pathogenic	InterVar	chr14	50120301	AC	A	c.3462del	p.Lys1154AsnfsTer13	1.8797057662822882	#00441B	-0.42049989045428826
BS_EM975DQ6	BS_ZH1FBX50	Non-neoplastic tumor	NA	TSC2	Pathogenic	ClinVar	chr16	2079197	G	A	c.3131+1G>A	NA	4.199279721336625	#FFF5EB	-0.22504541564907085
BS_ESFA9S69	BS_AMQGM1V9	Non-neoplastic tumor	NA	MSH3	Pathogenic	ClinVar	chr5	80778719	G	A	c.2319-1G>A	NA	1.9145645234939397	#FFF5EB	-0.20459688661035053
BS_ESFA9S69	BS_AMQGM1V9	Non-neoplastic tumor	NA	TSC1	Pathogenic	ClinVar	chr9	132903785	G	A	c.2074C>T	p.Arg692Ter	2.855989697308481	#FFF5EB	-0.43529634612525514
BS_ETAATG3J	BS_H3Y8FWHV	Schwannoma	NA	LZTR1	Pathogenic	ClinVar	chr22	20994614	C	T	c.1672C>T	p.Gln558Ter	1.3504972470841332	#ab7200	-2.839194636747193
BS_EVZW31ZP	BS_49F4RAA4	Other tumor	NA	ATM	Pathogenic	ClinVar	chr11	108284280	AG	A	c.3802del	p.Val1268Ter	3.93451650158608	#b5b5b5	0.683252467907495
BS_EXKVBK51	BS_E4F1D721	Ependymoma	EPN, MPE	RAD50	Pathogenic	ClinVar	chr5	132589675	TGAGATAA	T	c.1300_1306del	p.Asp434LysfsTer7	2.1473066987802936	#2200ff	-0.29217391166900925
BS_F0K8DMTS	BS_AA164D3A	Non-neoplastic tumor	NA	NF1	Likely_pathogenic	ClinVar	chr17	31170002	G	A	c.586+5G>A	NA	2.493134922305505	#FFF5EB	-2.0749343917761776
BS_F69GWP99	BS_3W07B2TG	Low-grade glioma	SEGA, RTK	MUTYH	Pathogenic	ClinVar	chr1	45332445	C	T	c.650G>A	p.Arg217His	2.344828496997441	#8f8fbf	-0.4127555836775895
BS_F7G8TA7C	BS_M0XGZ53Z	Other high-grade glioma	HGG, H3 wildtype, TP53	TP53	Pathogenic	ClinVar	chr17	7675139	C	A	c.473G>T	p.Arg158Leu	4.401220862160216	#ffccf5	0.21783270160058973
BS_FHDR7FJE	NA	Medulloblastoma	MB, Group4	COL7A1	Likely_pathogenic	ClinVar	chr3	48571242	C	T	c.7104+1G>A	NA	NA	NA	NA
BS_FPB0JGKX	BS_S71RJ8DH	Atypical Teratoid Rhabdoid Tumor	ATRT, MYC	LZTR1	Pathogenic	ClinVar	chr22	20987555	C	T	c.372C>T	p.Val124=	3.8083850506560935	#4d0d85	0.5740505025628091
BS_FT5H2TGH	BS_NZ71XCG3	Medulloblastoma	MB, Group4	AKT1	Likely_pathogenic	InterVar	chr14	104775077	T	G	c.566A>C	p.Lys189Thr	4.587964988882679	#a340ff	-0.3109115922597543
BS_G113MX63	BS_90B22NGP	Atypical Teratoid Rhabdoid Tumor	ATRT, To be classified	MSH6	Likely_pathogenic	ClinVar	chr2	47800909	C	T	c.2926C>T	p.Arg976Cys	2.4672794804599825	#4d0d85	-1.7254643524983462
BS_GCNH4CC0	BS_V9HVBBDW	Medulloblastoma	MB, Group3	PTEN	Pathogenic	ClinVar	chr10	87933142	A	G	c.383A>G	p.Lys128Arg	4.346956889378885	#a340ff	-0.25860137262035904
BS_GERET530	BS_9FHSNVS0	Atypical Teratoid Rhabdoid Tumor	ATRT, SHH	SMARCB1	Pathogenic	InterVar	chr22	23791803	C	G	c.141C>G	p.Tyr47Ter	3.8629472480209217	#4d0d85	1.123476207249338
BS_GEYA8N9C	BS_M026T44Q	Meningioma	NA	BRCA2	Pathogenic	ClinVar	chr13	32340592	G	GT	c.6239dup	p.Leu2080PhefsTer5	0.36737106564852945	#2db398	-0.31395799430154486
BS_GJWAV3E5	BS_KE56MMY0	Neurofibroma plexiform	NA	NF1	Pathogenic	ClinVar	chr17	31343008	G	C	c.7063-1G>C	NA	3.1842802944193824	#e6ac39	0.7920978024478201
BS_GKFY1GX4	BS_3F5PR9GS	Medulloblastoma	MB, SHH	EDNRB	Pathogenic	ClinVar	chr13	77901181	C	A	c.828G>T	p.Trp276Cys	0.8718436485093178	#a340ff	-0.7195122163274507
BS_GSTHVZFR	BS_JH29M4KG	Low-grade glioma	LGG, BRAF V600E	GBA	Pathogenic	ClinVar	chr1	155235727	C	G	c.1342G>C	p.Asp448His	4.70376517879341	#8f8fbf	0.387620939170713
BS_HHJZ05XC	BS_VXEFKW5P	Neurofibroma plexiform	NA	SOS1	Likely_pathogenic	ClinVar	chr2	39051253	A	G	c.755T>C	p.Ile252Thr	3.986410935252045	#e6ac39	1.9654027754432544
BS_HHJZ05XC	BS_VXEFKW5P	Neurofibroma plexiform	NA	NF2	Pathogenic	ClinVar	chr22	29661313	C	T	c.784C>T	p.Arg262Ter	1.4222330006830475	#e6ac39	-1.4753713605932544
BS_HNWNZFHA	BS_W36RZSFA	Choroid plexus tumor	NA	TP53	Pathogenic	ClinVar	chr17	7673786	AG	A	c.833del	p.Pro278LeufsTer67	2.990954860396993	#00441B	0.5645506187314944
BS_HNWNZFHA	BS_W36RZSFA	Choroid plexus tumor	NA	COL7A1	Pathogenic	ClinVar	chr3	48584763	G	A	c.4018C>T	p.Arg1340Ter	0.6690267655096306	#00441B	-0.11854903531612163
BS_HVCBQ58H	BS_KEA474HN	Low-grade glioma	LGG, KIAA1549-BRAF, other MAPK	GBA	Pathogenic	ClinVar	chr1	155240629	C	T	c.115+1G>A	NA	4.285402218862249	#8f8fbf	-0.3595710534911416
BS_J5596HKA	BS_FRM9TG02	Neurofibroma plexiform	NA	NF1	Likely_pathogenic	InterVar	chr17	31356506	TA	T	c.7666del	p.Arg2556GlyfsTer14	1.3895668117627256	#e6ac39	-1.3268150090670934
BS_J7WQHJDQ	BS_3PYESPHA	Mixed neuronal-glial tumor	GNG, other MAPK	CHEK2	Pathogenic	ClinVar	chr22	28734444	CA	C	c.277del	p.Trp93GlyfsTer17	0.6507645591169021	#685815	-0.1621907744644099
BS_J996NDK4	BS_21RE8W46	Low-grade glioma	LGG, KIAA1549-BRAF	PTCH2	Likely_pathogenic	InterVar	chr1	44826289	AG	A	c.3074del	p.Ser1025LeufsTer2	2.017921907997262	#8f8fbf	2.2601671659373768
BS_J9M165VZ	BS_HC44ZA0V	Ependymoma	EPN, To be classified	ERCC4	Pathogenic	ClinVar	chr16	13935697	C	T	c.1765C>T	p.Arg589Trp	2.84799690655495	#2200ff	2.1238424875480955
BS_JJNCV530	BS_YNEQJ6AH	Mixed neuronal-glial tumor	NA	NF1	Pathogenic	ClinVar	chr17	31232852	A	G	c.3467A>G	p.Asn1156Ser	4.632849830117706	#685815	1.0798056920911256
BS_JNRAKEMV	BS_RD4D5F9F	Medulloblastoma	MB, SHH	PTCH1	Pathogenic	InterVar	chr9	95480550	A	T	c.785T>A	p.Leu262Ter	4.539158811108031	#a340ff	0.6901502411944991
BS_JTSWHVNR	BS_DVCQ8XDZ	Meningioma	NA	NF2	Pathogenic	ClinVar	chr22	29655669	C	T	c.592C>T	p.Arg198Ter	2.790772037862	#2db398	0.3242086272025018
BS_JWETX0BH	BS_JS95PE0J	Other high-grade glioma	HGG, H3 wildtype, TP53	RAD50	Pathogenic	ClinVar	chr5	132594950	C	G	c.1875C>G	p.Tyr625Ter	2.6644828403646827	#ffccf5	-0.639904009676106
BS_JZAENWRM	BS_6HTK4YJP	Germ cell tumor	NA	EPCAM	Pathogenic	ClinVar	chr2	47378939	A	G	c.556-14A>G	NA	6.782539617753996	#0074d9	1.723212614805139
BS_JZKV3CQ1	BS_TYKJ8G2G	Schwannoma	NA	FAH	Pathogenic	ClinVar	chr15	80180230	G	A	c.1062+5G>A	NA	1.7398481026993275	#ab7200	-2.2811410699473282
BS_K4XGEGW0	BS_V3Z3DB4N	Other high-grade glioma	HGG, H3 wildtype, TP53	TP53	Pathogenic	ClinVar	chr17	7675994	C	A	c.375G>T	p.Thr125=	2.2868811477881614	#ffccf5	-1.826606313745569
BS_K65XZGKM	BS_77317DY4	Medulloblastoma	MB, WNT	COL7A1	Pathogenic	ClinVar	chr3	48584366	CA	C	c.4128del	p.Gly1377AspfsTer22	3.613531652917927	#a340ff	2.727702635570813
BS_K7A7QW76	BS_YA8RBGD8	Low-grade glioma	LGG, NF1-germline	NF1	Pathogenic	ClinVar	chr17	31261733	C	T	c.4600C>T	p.Arg1534Ter	2.899175630480513	#8f8fbf	-2.0521263688046796
BS_KN6FCN12	BS_WQ1YRTAT	Other high-grade glioma	HGG, H3 wildtype	FANCA	Pathogenic	ClinVar	chr16	89746848	T	C	c.3391A>G	p.Thr1131Ala	4.053111336459563	#ffccf5	1.016797611266809
BS_MDHYHEBH	BS_R439VVPK	Medulloblastoma	MB, Group3	RAD50	Likely_pathogenic	ClinVar	chr5	132594868	G	T	c.1794-1G>T	NA	1.8914191868460786	#a340ff	-1.4055057094329444
BS_MKYS4YRC	BS_C80S5N37	Ependymoma	EPN, PF A	MUTYH	Pathogenic	ClinVar	chr1	45332795	G	A	c.460C>T	p.Arg154Cys	3.150559676575381	#2200ff	0.676614137571545
BS_MN2FX68Z	BS_7C40TRCY	Medulloblastoma	MB, SHH	GBA	Pathogenic	ClinVar	chr1	155240629	C	T	c.115+1G>A	NA	1.925999418556223	#a340ff	-2.0690085427147724
BS_MN2FX68Z	BS_7C40TRCY	Medulloblastoma	MB, SHH	PTCH1	Pathogenic	ClinVar	chr9	95506600	C	G	c.202-1G>C	NA	5.661065479806948	#a340ff	1.612625887197762
BS_N0X0S3JD	BS_EYYMKWB7	Low-grade glioma	SEGA, To be classified	TSC1	Pathogenic	ClinVar	chr9	132906080	G	A	c.1498C>T	p.Arg500Ter	1.7048719644563528	#8f8fbf	-3.0944168098106357
BS_N56BGDK6	BS_45J79YTF	Other high-grade glioma	HGG, H3 wildtype	FANCG	Pathogenic	ClinVar	chr9	35075739	A	AG	c.1158dup	p.Ser387LeufsTer9	3.4276061727818994	#ffccf5	0.11093415633412951
BS_NTV9Z7SE	BS_7ZV3DPGT	Other tumor	PB, Group 1	RECQL4	Pathogenic	ClinVar	chr8	144513260	ACGCCCGGCC	A	c.2412_2420del	p.Ala805_Arg807del	2.37016428054021	#b5b5b5	0.781243567380229
BS_P3W89XQY	BS_V7BJM89K	Low-grade glioma	LGG, NF1-germline	NF1	Pathogenic	ClinVar	chr17	31233085	GAC	G	c.3585_3586del	p.Leu1196CysfsTer7	3.5323169593327655	#8f8fbf	-0.8540543098996672
BS_P4Z4YP0P	BS_R5SNFB5B	Other high-grade glioma	HGG, H3 wildtype, TP53	APC	Likely_pathogenic	ClinVar	chr5	112839514	T	A	c.3920T>A	p.Ile1307Lys	3.740927560318628	#ffccf5	-1.554381021261741
BS_PAYW4RCK	BS_SM8VQFPD	Mixed neuronal-glial tumor	NA	ERCC2	Likely_pathogenic	ClinVar	chr19	45364274	C	T	c.776G>A	p.Cys259Tyr	2.974529312483882	#685815	0.8618372428310263
BS_PC83EJY8	BS_AMZ70B6F	Medulloblastoma	MB, SHH	GPR161	Likely_pathogenic	InterVar	chr1	168097151	C	A	c.456G>T	p.Trp152Cys	2.957914598632985	#a340ff	0.40139600665730674
BS_PCKWEEVT	BS_ZV68CES9	Medulloblastoma	MB, Group3	GJB2	Pathogenic	ClinVar	chr13	20189414	CA	C	c.167del	p.Leu56ArgfsTer26	0.02856915219677092	#a340ff	-0.39210884586663675
BS_PCKWEEVT	BS_ZV68CES9	Medulloblastoma	MB, Group3	DDX41	Likely_pathogenic	InterVar	chr5	177516755	A	C	c.108T>G	p.Tyr36Ter	4.0900065299038175	#a340ff	-0.5951528405988664
BS_PF6TP3FX	BS_TE0GVDNG	Medulloblastoma	MB, Group4	PMS2	Pathogenic	ClinVar	chr7	5997387	T	TCTTCACACAC	c.741_742insGTGTGTGAAG	p.Ser248ValfsTer5	2.6016965164809576	#a340ff	-0.049933421028542396
BS_PF6TP3FX	BS_TE0GVDNG	Medulloblastoma	MB, Group4	PMS2	Pathogenic	ClinVar	chr7	5997388	AGGGGG	A	c.736_740del	p.Pro246Ter	2.6016965164809576	#a340ff	-0.049933421028542396
BS_PF7546KW	BS_R13X6TMW	Low-grade glioma	LGG, KIAA1549-BRAF	RECQL4	Pathogenic	ClinVar	chr8	144514982	CA	C	c.1573del	p.Cys525AlafsTer33	0.7136958148433591	#8f8fbf	-0.8988940472982245
BS_PJK0M1X0	BS_29CPJ040	Low-grade glioma	SEGA, To be classified	TSC2	Pathogenic	ClinVar	chr16	2079615	C	T	c.3343C>T	p.Gln1115Ter	2.1667154449664223	#8f8fbf	-3.732214212917357
BS_PKKNB5PY	BS_TZVFR600	Medulloblastoma	MB, Group3	FANCA	Pathogenic	ClinVar	chr16	89761950	G	A	c.2851C>T	p.Arg951Trp	2.833902076669163	#a340ff	-0.573021140518438
BS_Q1SPJ467	BS_MMNRZ1EQ	Atypical Teratoid Rhabdoid Tumor	ATRT, MYC	NBN	Pathogenic	ClinVar	chr8	89971213	ATTTGT	A	c.657_661del	p.Lys219AsnfsTer16	2.786596361890807	#4d0d85	0.33922957349164645
BS_Q6K6BVTF	BS_GDHH6T5A	Neurofibroma plexiform	NA	NF1	Pathogenic	ClinVar	chr17	31343097	CTAACTT	C	c.7159_7164del	p.Asn2387_Phe2388del	1.6644828403646825	#e6ac39	-1.0022377989860745
BS_Q7NF95N0	BS_94MT16N2	Low-grade glioma	LGG, KIAA1549-BRAF	ATM	Pathogenic	ClinVar	chr11	108315911	G	A	c.6095G>A	p.Arg2032Lys	4.7713574089905615	#8f8fbf	2.4167359781485738
BS_Q80JX5G6	BS_RWJZFTP9	Low-grade glioma	LGG, KIAA1549-BRAF	HMBS	Pathogenic	ClinVar	chr11	119091515	C	T	c.601C>T	p.Arg201Trp	2.885574364371426	#8f8fbf	1.525993534323559
BS_QG3PYXB4	BS_5K3R0F5D	Mixed neuronal-glial tumor	GNG, BRAF V600E	BRCA1	Pathogenic	ClinVar	chr17	43115735	AT	A	c.124del	p.Ile42TyrfsTer8	0.9855004303048849	#685815	-0.8748238168403266
BS_QG3PYXB4	BS_5K3R0F5D	Mixed neuronal-glial tumor	GNG, BRAF V600E	PMS2	Pathogenic	ClinVar	chr7	5987389	G	C	c.1376C>G	p.Ser459Ter	2.189033824390017	#685815	-0.2647683869016208
BS_QGEEVNAS	BS_WVS02TZK	Mixed neuronal-glial tumor	GNT, other MAPK, FGFR	ERCC2	Pathogenic	ClinVar	chr19	45352235	G	A	c.2164C>T	p.Arg722Trp	2.550900664647523	#685815	-0.269209130387713
BS_QMBK2FV7	BS_M15PW2N0	Medulloblastoma	MB, SHH	RAD51D	Pathogenic	ClinVar	chr17	35107380	T	TA	c.330dup	p.Ser111Ter	1.3219280948873624	#a340ff	-1.3692491068160564
BS_QX8PTX5X	BS_4EN8D8Y4	Low-grade glioma	LGG, NF1-germline, CDKN2A/B	NF1	Pathogenic	InterVar	chr17	31249121	T	A	c.4110+2T>A	NA	3.636914580355878	#8f8fbf	-0.6561277468005621
BS_RG2CTN65	BS_H3FE3TH9	Low-grade glioma	LGG, KIAA1549-BRAF	BRIP1	Pathogenic	ClinVar	chr17	61716051	G	A	c.2392C>T	p.Arg798Ter	0.21412480535284734	#8f8fbf	0.17930944063386842
BS_S588W9V2	BS_DMZP9G1H	Mixed neuronal-glial tumor	GNG, BRAF V600E	RMRP	Pathogenic	ClinVar	chr9	35658017	C	CCACGTCCTCAGCTTCA	NA	NA	13.012247405683803	#685815	0.10784498313397575
BS_S6EXG9N9	BS_Z9ZS6ZS2	Neurofibroma plexiform	NA	NF1	Pathogenic	ClinVar	chr17	31155997	AG	A	c.77del	p.Gly26AspfsTer18	3.560714954474479	#e6ac39	1.2365320988394066
BS_SF02KBCG	BS_R6WNEEE4	Medulloblastoma	MB, SHH	MUTYH	Pathogenic	ClinVar	chr1	45331699	AG	A	c.1063del	p.Ala357ProfsTer23	2.776103988073164	#a340ff	-1.0423633651265427
BS_SG7EPZ4W	BS_EFEZB0ZH	Low-grade glioma	LGG, KIAA1549-BRAF	CTNNA1	Likely_pathogenic	InterVar	chr5	138782024	A	AT	c.100_101insT	p.Thr34IlefsTer11	6.127839600075298	#8f8fbf	-0.09925655565956215
BS_SGS26NXP	BS_VF5XWFXD	DIPG or DMG	DMG, H3 K28, TP53	MSH2	Pathogenic	ClinVar	chr2	47475171	G	C	c.1906G>C	p.Ala636Pro	3.063502942306158	#ff40d9	-0.08801221647145337
BS_SP3ND4W3	BS_8PNA0V6R	Other high-grade glioma	HGG, IDH, TP53	GJB2	Likely_pathogenic	ClinVar	chr13	20189605	T	G	c.-22-2A>C	NA	0.056583528366367514	#ffccf5	-0.6892524163118573
BS_SP886CE6	BS_G5QBBHDV	Low-grade glioma	LGG, KIAA1549-BRAF	CHEK2	Pathogenic	ClinVar	chr22	28695219	G	A	c.1283C>T	p.Ser428Phe	1.3561438102252754	#8f8fbf	1.687544087216848
BS_SZYRB89G	NA	Atypical Teratoid Rhabdoid Tumor	ATRT, To be classified	SMARCB1	Likely_pathogenic	InterVar	chr22	23825375	CG	C	c.950del	p.Gly317AspfsTer3	NA	NA	NA
BS_T3FD64Z7	NA	Neurofibroma plexiform	NA	MUTYH	Pathogenic	ClinVar	chr1	45332445	C	T	c.650G>A	p.Arg217His	NA	NA	NA
BS_T3FD64Z7	NA	Neurofibroma plexiform	NA	NF1	Pathogenic	ClinVar	chr17	31350248	CT	C	c.7389del	p.Thr2464LeufsTer25	NA	NA	NA
BS_T3VJQSYM	BS_49VCQD19	Neurofibroma plexiform	NA	NF1	Likely_pathogenic	InterVar	chr17	31326172	AC	A	c.5190del	p.Leu1731TrpfsTer3	2.568032104771279	#e6ac39	0.06452975510393981
BS_T5WVTGV8	BS_HSHN8PBB	Low-grade glioma	LGG, KIAA1549-BRAF	MPL	Likely_pathogenic	ClinVar	chr1	43346630	G	C	c.1165+1G>C	NA	0.23878685958711648	#8f8fbf	0.2832663416043195
BS_T77MXWTX	BS_9XVACXP0	Other high-grade glioma	IHG, NTRK-altered	BRCA2	Pathogenic	ClinVar	chr13	32362521	A	G	c.7806-2A>G	NA	0.46466826700344427	#ffccf5	-1.1523830016734882
BS_TARPGT44	BS_AVYNZHSB	Low-grade glioma	SEGA, wildtype	TSC1	Pathogenic	ClinVar	chr9	132921367	G	A	c.733C>T	p.Arg245Ter	1.5558161550616396	#8f8fbf	-3.41768614720271
BS_TE01WW4M	BS_HZE3KYZ1	Medulloblastoma	MB, Group4	FANCC	Pathogenic	ClinVar	chr9	95117318	G	A	c.1069C>T	p.Gln357Ter	2.5084286525318573	#a340ff	-0.5273453467173653
BS_TG80SF4Z	BS_8ZP3CBQA	Ependymoma	EPN, PF A	RMRP	Likely_pathogenic	ClinVar	chr9	35658029	C	CTTCACAGA	NA	NA	14.110723902054293	#2200ff	0.5125105364531418
BS_THDBV4G0	BS_XZM79E42	DIPG or DMG	DMG, H3 K28, TP53	BRIP1	Pathogenic	ClinVar	chr17	61801348	C	G	c.1045G>C	p.Ala349Pro	0.6135316529179271	#ff40d9	-0.9239586895116679
BS_THDBV4G0	BS_XZM79E42	DIPG or DMG	DMG, H3 K28, TP53	ELP1	Likely_pathogenic	InterVar	chr9	108912363	GAC	G	c.1088_1089del	p.Cys363SerfsTer9	3.399171093819823	#ff40d9	-0.4135123372487831
BS_TQYACCGG	BS_BVSW4GTG	Medulloblastoma	MB, SHH	PTCH1	Likely_pathogenic	InterVar	chr9	95461919	T	TC	c.2639dup	p.Val881SerfsTer15	4.273515889702116	#a340ff	0.47172821700393025
BS_TV8HD883	BS_RGSMX7QD	Mixed neuronal-glial tumor	GNG, KIAA1549-BRAF	RECQL4	Pathogenic	ClinVar	chr8	144513610	G	A	c.2161C>T	p.Arg721Ter	0.8318772411916731	#685815	-1.1785981561177608
BS_V733WCVK	BS_SDCNP7MW	Ependymoma	EPN, PF B	ERCC2	Pathogenic	ClinVar	chr19	45364832	CCTCA	C	c.594+2_594+5del	NA	2.1953475983222193	#2200ff	-0.5324115007152904
BS_VN983YRH	BS_9BJARSX3	Low-grade glioma	LGG, BRAF V600E, CDKN2A/B	BLM	Pathogenic	ClinVar	chr15	90765319	C	T	c.2098C>T	p.Gln700Ter	1.996388746447621	#8f8fbf	-0.8621313832318531
BS_VNBX1SEV	BS_NPA6CZQF	Other high-grade glioma	HGG, H3 wildtype	BRIP1	Pathogenic	ClinVar	chr17	61716051	G	A	c.2392C>T	p.Arg798Ter	1.6182386555954547	#ffccf5	-0.08061181858160898
BS_W4ZEEWZA	BS_7B89YR6K	Ependymoma	EPN, To be classified	WAS	Likely_pathogenic	InterVar	chrX	48688705	TC	T	c.982del	p.Arg328GlyfsTer117	1.8836208162856714	#2200ff	0.35725779429881116
BS_W75GCHPW	BS_J483EMFP	Atypical Teratoid Rhabdoid Tumor	ATRT, SHH	TP53	Likely_pathogenic	ClinVar	chr17	7675232	G	A	c.380C>T	p.Ser127Phe	3.713695814843359	#4d0d85	-0.48515578294494893
BS_W75GCHPW	BS_J483EMFP	Atypical Teratoid Rhabdoid Tumor	ATRT, SHH	TERT	Pathogenic	ClinVar	chr5	1294549	C	CG	c.336dup	p.Glu113ArgfsTer79	0.11103131238874395	#4d0d85	-0.6162675593808451
BS_WCQW99V3	BS_PRR8K9GE	Craniopharyngioma	CRANIO, ADAM	MPL	Pathogenic	ClinVar	chr1	43340042	C	T	c.769C>T	p.Arg257Cys	0.28688114778816154	#b2502d	0.45118591384405193
BS_WMVYQREN	BS_7327SDAQ	Other high-grade glioma	HGG, H3 wildtype, TP53	GJB2	Likely_pathogenic	ClinVar	chr13	20188950	C	T	c.632G>A	p.Cys211Tyr	0.9781956296816515	#ffccf5	0.1341012757659788
BS_WMVYQREN	BS_7327SDAQ	Other high-grade glioma	HGG, H3 wildtype, TP53	MSH3	Pathogenic	ClinVar	chr5	80665358	C	T	c.574C>T	p.Gln192Ter	0.6507645591169021	#ffccf5	-2.446988104500099
BS_WP9M8J6W	BS_M9C4RY4P	Schwannoma	NA	RAD51D	Pathogenic	ClinVar	chr17	35119114	G	GTT	c.140_141insAA	p.Tyr47Ter	2.250961573533219	#ab7200	1.5278672239385733
BS_X0XM8PYJ	NA	Meningioma	NA	NF2	Pathogenic	ClinVar	chr22	29673477	CAGAG	C	c.1334_1337del	p.Glu445GlyfsTer9	NA	NA	NA
BS_X7EQKJZH	BS_T1W4JA94	Low-grade glioma	LGG, KIAA1549-BRAF	BUB1B	Likely_pathogenic	InterVar	chr15	40208770	G	GAAAACCCTACTCA	c.2143_2143+1insAAAACCCTACTCA	p.Ser720LysfsTer37	0.34482849699744117	#8f8fbf	-0.2604776419486362
BS_XCA92FF3	BS_9HA238XS	Neurofibroma plexiform	NA	SLX4	Likely_pathogenic	InterVar	chr16	3591038	TC	T	c.2599del	p.Glu867LysfsTer25	0.6690267655096306	#e6ac39	-0.6320995090686088
BS_XCA92FF3	BS_9HA238XS	Neurofibroma plexiform	NA	NF1	Likely_pathogenic	InterVar	chr17	31182563	TA	T	c.789del	p.Ala264GlnfsTer17	2.662205499653617	#e6ac39	0.1757147519562834
BS_XCKDRRYT	BS_5AF6ZNJF	Meningioma	NA	BAP1	Pathogenic	ClinVar	chr3	52404529	G	A	c.1174C>T	p.Gln392Ter	2.0250287944915226	#2db398	-3.074576436115258
BS_XHT3F34T	BS_ZD5HN296	Other high-grade glioma	HGG, H3 wildtype	TP53	Pathogenic	ClinVar	chr17	7675145	CGGGTGCCGGGCGG	C	c.454_466del	p.Pro152AlafsTer14	3.5372960670908418	#ffccf5	-0.6175304831132373
BS_XKHY9A6D	BS_X23724NJ	Other high-grade glioma	HGG, H3 wildtype, TP53	BRCA2	Pathogenic	ClinVar	chr13	32380043	C	T	c.9154C>T	p.Arg3052Trp	0.6780719051126377	#ffccf5	-0.8804853304061215
BS_XN449RAJ	BS_X91K8KMG	Low-grade glioma	LGG, BRAF V600E	ATM	Pathogenic	ClinVar	chr11	108241292	A	G	c.497-2661A>G	NA	3.793895882548878	#8f8fbf	0.596735792312171
BS_XQ0Y2PMV	BS_FEV5A0HN	Other high-grade glioma	HGG, H3 wildtype	CHEK2	Pathogenic	ClinVar	chr22	28709998	ATACT	A	c.846+4_846+7del	NA	1.7782085763980877	#ffccf5	-0.028388162864279948
BS_XR81Q21W	BS_RQSKD7PN	Neurofibroma plexiform	NA	NF1	Pathogenic	ClinVar	chr17	31206257	G	A	c.1278G>A	p.Trp426Ter	2.3840498067951597	#e6ac39	-0.15268733945785176
BS_Y2Z06EDG	NA	Medulloblastoma	MB, SHH	SUFU	Likely_pathogenic	InterVar	chr10	102592655	C	CT	c.528_529insT	p.Met177TyrfsTer30	NA	NA	NA
BS_YCT0FK91	BS_GNV89A5P	Medulloblastoma	MB, Group4	FANCA	Likely_pathogenic	ClinVar	chr16	89744977	CCTT	C	c.3605_3607del	p.Glu1202del	2.9068905956085187	#a340ff	-0.46942184347433547
BS_YR1X1SSH	BS_34201DKZ	Ependymoma	EPN, PF A	FAH	Pathogenic	ClinVar	chr15	80168263	G	T	c.554-1G>T	NA	1.726831217032493	#2200ff	-0.8923797736576207
BS_Z6GF2TDX	BS_AG3D3435	Low-grade glioma	SEGA, wildtype	TSC2	Pathogenic	ClinVar	chr16	2080179	C	T	c.3412C>T	p.Arg1138Ter	2.3132458517875616	#8f8fbf	-3.4767419081126425
BS_Z82320N1	BS_A89VAPVV	Germ cell tumor	NA	ERCC4	Pathogenic	ClinVar	chr16	13947991	C	T	c.2395C>T	p.Arg799Trp	2.070389327891398	#0074d9	0.7435252372998561
BS_ZH666SJW	BS_QEYPFYHD	Medulloblastoma	MB, Group4	GJB2	Pathogenic	ClinVar	chr13	20189299	C	T	c.283G>A	p.Val95Met	0.17632277264046287	#a340ff	0.5161635767203965
BS_ZM9EYYDT	BS_JG9JZTA9	Low-grade glioma	SEGA, To be classified	TSC2	Pathogenic	ClinVar	chr16	2070571	G	A	c.1832G>A	p.Arg611Gln	3.9717734471933728	#8f8fbf	-0.5851382022842851
BS_ZMW21B7R	BS_MF9X3PKH	Low-grade glioma	LGG, KIAA1549-BRAF	ERCC2	Likely_pathogenic	InterVar	chr19	45357328	TG	T	c.1420del	p.His474ThrfsTer10	1.835924074254375	#8f8fbf	-1.88107471676205
BS_ZP36WDVS	BS_WMEHNDSK	Other tumor	PB, MYC/FOXR2	ATM	Pathogenic	ClinVar	chr11	108331884	CTCTAGAATT	C	c.7638_7646del	p.Arg2547_Ser2549del	3.651912744645783	#b5b5b5	0.31149973202009457
BS_ZP36WDVS	BS_WMEHNDSK	Other tumor	PB, MYC/FOXR2	ERCC3	Pathogenic	ClinVar	chr2	127272934	CT	C	c.1757del	p.Gln586ArgfsTer25	3.211012193485512	#b5b5b5	0.30774436646805686
BS_ZQY1P7NR	BS_NDC69214	Neurofibroma plexiform	NA	NF1	Pathogenic	ClinVar	chr17	31338739	C	A	c.6855C>A	p.Tyr2285Ter	2.389566811762726	#e6ac39	-0.1461737356877041
BS_ZVFTWY6Y	BS_CQEETJ66	Schwannoma	NA	NF2	Likely_pathogenic	InterVar	chr22	29642254	TG	T	c.417del	p.Leu140SerfsTer34	2.6158870739160567	#ab7200	-0.54208252458704
BS_ZVXHWM3N	BS_9E7YVFJM	Other tumor	NA	POLE	Pathogenic	ClinVar	chr12	132677419	G	A	c.745C>T	p.Arg249Ter	2.1342209397606338	#b5b5b5	-0.10249053139811369
BS_ZX3ZSN8F	BS_ZXYDSBM9	Medulloblastoma	MB, Group4	CREBBP	Pathogenic	ClinVar	chr16	3729209	TG	T	c.5837del	p.Pro1946HisfsTer30	4.361768359419154	#a340ff	-0.9682994024930883
BS_ZY319KJ4	BS_SHJA4MR0	Other high-grade glioma	HGG, H3 wildtype, TP53	ATM	Pathogenic	ClinVar	chr11	108330308	G	GA	c.7406dup	p.Asn2469LysfsTer13	3.662205499653617	#ffccf5	-0.521874755769131
BS_XM3ER1N6	BS_F9Y4Z92G	Other high-grade glioma	HGG, H3 wildtype, TP53	TP53	Likely_pathogenic	ClinVar, upgraded to P/LP following manual review	chr17	7675189	G	C	c.423C>G	p.Cys141Trp	3.715893370547605	#ffccf5	-0.4448376595614337
BS_R7TZRSZT	BS_4PPHAQXF	Other high-grade glioma	HGG, PXA	CDKN2A	Likely_pathogenic	ClinVar, upgraded to P/LP following manual review	chr9	21974682	A	G	c.146T>C	p.Ile49Thr	1.0426443374084937	#ffccf5	-1.0034697658409528
BS_HJ99CJ2R	BS_VJ2S5DVS	Ependymoma	EPN, To be classified	TP53	Likely_pathogenic	ClinVar, upgraded to P/LP following manual review	chr17	7674887	C	T	c.644G>A	p.Ser215Asn	5.119771161952904	#2200ff	2.036731689809868
BS_8HZ761SQ	NA	Meningioma	NA	CHEK2	Likely_pathogenic	ClinVar, upgraded to P/LP following manual review	chr22	28734532	C	T	c.190G>A	p.Glu64Lys	NA	NA	NA
BS_358WF90F	BS_TDEFAPNH	Mixed neuronal-glial tumor	NA	CHEK2	Likely_pathogenic	ClinVar, upgraded to P/LP following manual review	chr22	28734532	C	T	c.190G>A	p.Glu64Lys	0.5058909297299573	#685815	-0.5621338833360776
BS_0YV62XEX	BS_ENKG5GF3	Neurofibroma plexiform	NA	NF1	Likely_pathogenic	InterVar, upgraded to LP based on Koczkowska et al 2023	chr17	31207125	T	G	c.1392+754T>G	NA	3.058316495590823	#e6ac39	0.6433797425991645
BS_0QC2QX0P	BS_RB2S0KDF	Meningioma	NA	BRCA2	Pathogenic	ClinVar	chr13	32333283	GA	G	c.1813del	p.Ile605TyrfsTer9	0.4222330006830478	#2db398	-0.02694921311584969
BS_4EAVBDKR	BS_J1AB8PMA	Medulloblastoma	MB, SHH	GNAS	Pathogenic	ClinVar	chr20	58903701	G	GC	c.348dup	p.Val117ArgfsTer23	6.159467729266766	#a340ff	-3.7375654871269686
BS_BZ7FK347	BS_VMQMGSJY	DIPG or DMG	DMG, H3 K28	COL7A1	Pathogenic	ClinVar	chr3	48576272	G	A	c.5797C>T	p.Arg1933Ter	3.527320607877047	#ff40d9	0.6538119606084761
BS_CKWQKB3A	BS_D5P6EZ1M	Schwannoma	NA	NF2	Pathogenic	ClinVar	chr22	29671847	C	T	c.1021C>T	p.Arg341Ter	1.9671686075326276	#ab7200	-1.185453613910709
BS_E0H9DHVX	BS_K81DR8XG	Medulloblastoma	MB, SHH	MSH6	Likely_pathogenic	ClinVar	chr2	47783495	T	G	c.260+2T>G	NA	2.985500430304885	#a340ff	-1.7894481127828976
BS_KSRKPT4Z	BS_1BWP5MCT	Medulloblastoma	MB, Group3	FGFR1	Likely_pathogenic	InterVar	chr8	38414601	G	GACGAC	c.2005_2006insGTCGT	p.Pro669ArgfsTer47	3.169925001442312	#a340ff	-0.5911995152651323
BS_NHEDGJ66	NA	Low-grade glioma	LGG, wildtype	EGFR	Likely_pathogenic	InterVar	chr7	55142388	A	C	c.191A>C	p.Asn64Thr	NA	NA	NA
BS_PT1DC3ZF	BS_XGSA3GQE	Low-grade glioma	LGG, KIAA1549-BRAF	FLCN	Pathogenic	ClinVar	chr17	17227904	CT	C	c.233del	p.Lys78SerfsTer52	3.588564737401352	#8f8fbf	0.138033394542208
BS_WKD534RB	BS_MWWZBQ60	DIPG or DMG	DMG, H3 K28	PRF1	Likely_pathogenic	InterVar	chr10	70598675	A	C	c.1046T>G	p.Leu349Arg	0.28688114778816154	#ff40d9	-0.7781447320781282
BS_751B2CF8	BS_9GJ23RHH	Mesenchymal tumor	NA	PTPN11	Likely_pathogenic	ClinVar, upgraded to P/LP following manual review	chr12	112450406	G	A	c.226G>A	p.Glu76Lys	3.679198570566922	#7fbf00	-0.49093819343164935
