Kids_First_Biospecimen_ID_normal.x	Kids_First_Biospecimen_ID_tumor	plot_group	molecular_subtype	Hugo_Symbol	L-LP_Call_final	Reasoning_for_call	Chromosome	Loc	Reference	Alternant_alleles	HGVS.c	HGVS.p	CNV_status_somatic	Kids_First_Biospecimen_ID_normal.y	proband_germline_vaf	proband_tumor_vaf	tumor_fraction	loh_uncorrected	loh_corrected	gene_LOH_score_uncorrected	gene_LOH_score_corrected
BS_F7G8TA7C	BS_PCVV9GJG	Other high-grade glioma	"HGG, H3 wildtype, TP53 loss"	TP53	Pathogenic	ClinVar Pathogenic -- Badge-lab consenses P/LP	chr17	7675139	C	A	c.473G>T	.	neutral	BS_F7G8TA7C	0.49	0.95	NA	0.45	NA	0.225	NA
BS_RP8JJ88Z	BS_Z61JVJ03	DIPG or DMG	"DMG, H3 K28"	ERCC5	Likely_pathogenic	InterVar_Recalculated Likely_pathogenic	chr13	102852210	C	G	c.1543C>G	p.Arg515Gly	neutral	BS_RP8JJ88Z	0.45	0.45	NA	-0.05	NA	NA	NA
BS_KN6FCN12	BS_JWDK21ED	Other high-grade glioma	"HGG, H3 wildtype"	FANCA	Pathogenic	ClinVar Pathogenic -- Badge-lab consenses P/LP	chr16	89746848	T	C	c.3391A>G	p.Thr1131Ala	neutral	BS_KN6FCN12	0.49	0.62	NA	0.12	NA	0.14	NA
BS_CFJYJAA3	BS_X0KN4VVW	Other high-grade glioma	"HGG, H3 wildtype"	RAD50	Pathogenic	ClinVar Pathogenic -- Badge-lab consenses P/LP	chr5	132609339	CAAAG	C	c.2983_2986delGAAA	p.Glu995fs	neutral	BS_CFJYJAA3	0.39	0.42	NA	-0.08	NA	NA	NA
BS_ANZ9H60A	BS_0TKQP4XJ	Other high-grade glioma	"HGG, H3 G35, TP53 activated"	RECQL4	Likely_pathogenic	ClinVar Likely pathogenic -- Badge-lab consensus is P/LP	chr8	144513260	ACGCCCGGCC	A	c.2412_2420delGGCCGGGCG	p.Ala805_Arg807del	neutral	BS_ANZ9H60A	0.42	0.65	NA	0.15	NA	0.26	NA
BS_XM3ER1N6	BS_18RH1034	Other high-grade glioma	"HGG, H3 wildtype, TP53 loss"	TP53	Likely_pathogenic	ClinVar Likely pathogenic -- Conflicting but disease C0027672 was found in P-LP and not in B-LP or VUS	chr17	7675189	G	C	c.423C>G	.	neutral	BS_3EZR108Y	0.44	0.65	NA	0.15	NA	0.17	NA
BS_0QC2QX0P	BS_PNXDHDF3	Meningioma	NA	BRCA1	Pathogenic	ClinVar Pathogenic -- ReviewPanel_lab_P/LP	chr17	43124027	ACT	A	c.68_69delAG	p.Glu23fs	neutral	BS_0QC2QX0P	0.45	0.33	0.733785097	-0.17	-0.23167546	0.211666667	0.288458661
BS_0RVVY4PS	BS_9F2J6VS1	Craniopharyngioma	"CRANIO, ADAM"	EXT2	Likely_pathogenic	InterVar_Recalculated Likely_pathogenic	chr11	44114237	G	T	c.778G>T	p.Asp260Tyr	neutral	BS_0RVVY4PS	0.58	0.49	0.752089936	-0.01	-0.013296282	0.098571429	0.131063353
BS_0Y1Y2WA4	BS_1AZ8YJSH	Ependymoma	"EPN, ST RELA"	SDHA	Pathogenic	ClinVar Pathogenic -- Badge-lab consenses P/LP	chr5	240396	G	T	c.1471G>T	p.Glu491*	neutral	BS_0Y1Y2WA4	0.51	0.5	0.899988482	0	0	0.183333333	0.203706311
BS_0YFQF89N	BS_SSYNTXDC	Mesenchymal tumor	EWS	MUTYH	Pathogenic	ClinVar Pathogenic -- Badge-lab consenses P/LP	chr1	45332446	G	A	c.733C>T	p.Arg245Cys	neutral	BS_0YFQF89N	0.51	0.46	0.482653426	-0.04	-0.082875202	0.07	0.145031603
BS_0YJF1F95	BS_354DTKHE	Meningioma	NA	SMARCE1	Pathogenic	ClinVar Pathogenic -- Badge-lab consenses P/LP	chr17	40632281	TCTCA	T	c.624_627delTGAG	p.Ser208fs	neutral	BS_0YJF1F95	0.27	0.86	0.832988916	0.36	0.43217862	0.425	0.5
BS_14EZDZE6	BS_F9ZTZ4YS	Low-grade glioma	"SEGA, wildtype"	TSC1	Pathogenic	ClinVar Pathogenic -- Badge-lab consenses P/LP	chr9	132905999	G	A	c.1579C>T	p.Gln527*	neutral	BS_14EZDZE6	0.42	0.84	0.309961324	0.34	0.5	0.346666667	0.5
BS_14G6WY88	BS_3QDRWJCF	Low-grade glioma	"LGG, KIAA1549-BRAF"	KIF1B	Likely_pathogenic	InterVar_Recalculated Likely_pathogenic	chr1	10304507	CAGTT	C	c.3325_3328delTTAG	p.Leu1109fs	neutral	BS_14G6WY88	0.5	0.41	0.534264567	-0.09	-0.168455865	0.164166667	0.307275977
BS_1C3RDKQH	BS_CFEWVDG1	Non-neoplastic tumor	NA	TSC2	Pathogenic	ClinVar Pathogenic -- Badge-lab consenses P/LP	chr16	2084567	T	TC	c.4351dupC	p.Arg1451fs	neutral	BS_1C3RDKQH	0.53	0.44	0.160509519	-0.06	-0.373809606	0.09	0.5
BS_1GMX5YEM	BS_2HNHCSNB	Low-grade glioma	"LGG, KIAA1549-BRAF"	RAD51D	Pathogenic	ClinVar Pathogenic -- Badge-lab consenses P/LP	chr17	35119613	T	C	c.1A>G	p.Met1?	neutral	BS_1GMX5YEM	0.61	0.24	0.500787848	-0.26	-0.5	NA	NA
BS_1K0Q5YZY	BS_10HD18B8	Germ cell tumor	NA	FANCA	Pathogenic	ClinVar Pathogenic -- Badge-lab consenses P/LP	chr16	89745062	GCCA	G	c.3520_3522delTGG	p.Trp1174del	neutral	BS_1K0Q5YZY	0.49	0.41	0.590084215	-0.09	-0.152520603	0.176666667	0.299392294
BS_1Z7Y81NW	BS_XKXDH0YJ	Non-neoplastic tumor	NA	PMS2	Likely_pathogenic	ClinVar Likely pathogenic -- ReviewPanel_lab_P/LP	chr7	6005918	C	A	c.137G>T	.	neutral	BS_1Z7Y81NW	0.56	0.43	1	-0.07	-0.07	0.206666667	0.206666667
BS_26CXGVJ0	BS_C6GBYR17	Low-grade glioma	"LGG, other MAPK"	ATM	Likely_pathogenic	InterVar_Recalculated Likely_pathogenic	chr11	108345870	G	T	c.8546G>T	p.Arg2849Leu	neutral	BS_26CXGVJ0	0.48	0.45	0.326225078	-0.05	-0.153268413	0.255	0.5
BS_29YQSB5E	BS_CBMAWSAR	DIPG or DMG	"DMG, H3 K28, TP53 activated"	XPC	Pathogenic	ClinVar Pathogenic -- Badge-lab consenses P/LP	chr3	14152376	T	A	c.2074A>T	p.Lys692*	neutral	NA	NA	NA	NA	NA	NA	NA	NA
BS_K7A7QW76	BS_2NN6ME5A	Low-grade glioma	"LGG, NF1-germline"	NF1	Pathogenic	ClinVar Pathogenic -- Badge-lab consenses P/LP	chr17	31261733	C	T	c.4600C>T	p.Arg1534*	neutral	BS_K7A7QW76	0.57	0.96	0.30412775	0.46	0.5	0.372	0.5
BS_2G2VJT4R	BS_ZJT1REVB	Craniopharyngioma	"CRANIO, ADAM"	PRF1	Likely_pathogenic	InterVar_Recalculated Likely_pathogenic	chr10	70599064	G	T	c.657C>A	p.Tyr219*	neutral	BS_2G2VJT4R	0.58	0.58	NA	0.08	NA	0.08	NA
BS_2TZNPK1V	BS_XWQTX5HH	Mesenchymal tumor	NA	VHL	Pathogenic	InterVar_Recalculated Pathogenic	chr3	10146573	GA	G	c.402delA	p.Glu134fs	neutral	BS_2TZNPK1V	0.55	0.56	0.083068903	0.06	0.5	0.06	0.5
BS_345M1B93	BS_MS87PMR7	Non-neoplastic tumor	NA	ABCB11	Likely_pathogenic	InterVar_Recalculated Likely_pathogenic	chr2	168996709	C	T	c.403G>A	p.Glu135Lys	neutral	BS_345M1B93	0.5	0.41	NA	-0.09	NA	0.0425	NA
BS_3CK0QVDX	BS_H1MNXNHB	Other tumor	NA	ATM	Pathogenic	ClinVar Pathogenic -- Badge-lab consenses P/LP	chr11	108227860	A	T	c.157A>T	p.Lys53*	gain	BS_3CK0QVDX	0.59	0.47	0.468718708	-0.03	-0.064004273	0.183333333	0.391137222
BS_3CK0QVDX	BS_H1MNXNHB	Other tumor	NA	GJB2	Pathogenic	ClinVar Pathogenic -- Badge-lab consenses P/LP	chr13	20189547	C	A	c.35G>T	p.Gly12Val	neutral	BS_3CK0QVDX	0.61	0.56	0.468718708	0.06	0.128008545	NA	NA
BS_3DHNFFV6	BS_Z5VJCFNP	Germ cell tumor	NA	ATM	Pathogenic	ClinVar Pathogenic -- Badge-lab consenses P/LP	chr11	108284280	AG	A	c.3802delG	p.Val1268fs	neutral	BS_3DHNFFV6	0.62	0.88	NA	0.38	NA	0.38	NA
BS_GJWAV3E5	BS_A1DV9T7G	Neurofibroma plexiform	NA	NF1	Likely_pathogenic	InterVar_Recalculated Likely_pathogenic	chr17	31343008	G	C	c.7063-1G>C	.	neutral	BS_GJWAV3E5	0.44	0.85	0.691104143	0.35	0.5	0.207619048	0.300416442
BS_40QCA1MC	BS_GS9JCK55	Mixed neuronal-glial tumor	"GNG, NF1-germline"	FANCD2	Likely_pathogenic	InterVar_Recalculated Likely_pathogenic	chr3	10041646	C	G	c.719C>G	p.Ser240*	neutral	BS_40QCA1MC	0.52	0.26	0.663195558	-0.24	-0.361884209	0.059787234	0.090150233
BS_4AM9C504	BS_QQP17PDQ	Other high-grade glioma	"HGG, H3 wildtype"	TP53	Likely_pathogenic	ClinVar Likely pathogenic -- Badge-lab consensus is P/LP	chr17	7675994	C	G	c.375G>C	.	neutral	BS_4AM9C504	0.52	0.88	0.671848641	0.38	0.5	0.38	0.5
BS_4EAVBDKR	BS_KAZENYZE	Medulloblastoma	"MB, SHH"	GJB2	Pathogenic	ClinVar Pathogenic -- Badge-lab consenses P/LP	chr13	20189563	G	A	c.19C>T	p.Gln7*	gain	BS_4EAVBDKR	0.44	0.65	0.016654598	0.15	0.5	0.19	0.5
BS_JJNCV530	BS_8226HD4X	Mixed neuronal-glial tumor	NA	NF1	Pathogenic	ClinVar Pathogenic -- Conflicting but disease C0027831 was found in P-LP and not in B-LP or VUS	chr17	31232852	A	G	c.3467A>G	p.Asn1156Ser	neutral	BS_JJNCV530	0.41	0.76	0.014587978	0.26	0.5	0.278947368	0.5
BS_4HD33MVB	BS_Y5DA59M3	Medulloblastoma	"MB, WNT"	APC	Likely_pathogenic	InterVar_Recalculated Likely_pathogenic	chr5	112838589	C	T	c.2995C>T	p.Gln999*	neutral	BS_4HD33MVB	0.36	0.6	NA	0.1	NA	0.19	NA
BS_4RV40GPD	BS_3AERRZQT	Low-grade glioma	"LGG, wildtype"	POLH	Likely_pathogenic	InterVar_Recalculated Likely_pathogenic	chr6	43604663	AC	A	c.936delC	p.Arg313fs	neutral	BS_4RV40GPD	0.47	0.43	NA	-0.07	NA	0.07	NA
BS_5N2GEGMD	BS_YH60H2FS	Medulloblastoma	"MB, Group4"	ERCC2	Pathogenic	ClinVar Pathogenic -- Badge-lab consenses P/LP	chr19	45352780	A	AC	c.1867dupG	p.Val623fs	neutral	BS_5N2GEGMD	0.6	0.52	0.843337499	0.02	0.023715298	0.03	0.035572947
BS_5YXP6R6Q	BS_4NPEMNAD	Other tumor	NA	CREBBP	Pathogenic	ClinVar Pathogenic -- Badge-lab consenses P/LP	chr16	3770639	C	CG	c.2810dupC	p.Ser938fs	neutral	BS_5YXP6R6Q	0.38	0.43	0.865159231	-0.07	-0.080909961	0.06	0.069351396
BS_63JFFF51	BS_R7YMKNJN	Ependymoma	"EPN, ST RELA"	SLX4	Likely_pathogenic	InterVar_Recalculated Likely_pathogenic	chr16	3591125	TC	T	c.2512delG	p.Asp838fs	neutral	BS_63JFFF51	0.47	0.4	0.961973758	-0.1	-0.10395294	0.07	0.072767058
BS_6FD0SW6E	BS_VW4XN9Y7	Other high-grade glioma	"HGG, H3 wildtype, TP53 activated"	PMS2	Likely_pathogenic	ClinVar Likely pathogenic -- ReviewPanel_lab_P/LP	chr7	6005918	C	A	c.137G>T	.	neutral	BS_6FD0SW6E	0.49	0.51	0.275748727	0.01	0.0362649	0.072	0.26110728
BS_6K3Y2WXF	BS_3P96RT4E	Low-grade glioma	"SEGA, wildtype"	TSC2	Likely_pathogenic	ClinVar Likely pathogenic -- Badge-lab consensus is P/LP	chr16	2086815	TTTGTGTCCA	T	c.4938_4946delGTCCATTGT	p.Ser1647_Val1649del	neutral	BS_6K3Y2WXF	0.63	0.68	NA	0.18	NA	0.185	NA
BS_6VTM903X	BS_R1G6SG0K	Other high-grade glioma	"HGG, H3 wildtype, TP53 loss"	MUTYH	Pathogenic	ClinVar Pathogenic -- Badge-lab consenses P/LP	chr1	45331699	AG	A	c.1147delC	p.Ala385fs	neutral	BS_6VTM903X	0.43	0.43	0.873444027	-0.07	-0.080142514	0.123333333	0.141203477
BS_751B2CF8	BS_AWDQEKK1	Mesenchymal tumor	NA	POLE	Likely_pathogenic	InterVar_Recalculated Likely_pathogenic	chr12	132642548	AG	A	c.4909delC	p.Leu1637fs	neutral	BS_751B2CF8	0.32	0.39	NA	-0.11	NA	0.145	NA
BS_751B2CF8	BS_AWDQEKK1	Mesenchymal tumor	NA	BUB1B	Pathogenic	ClinVar Pathogenic -- Badge-lab consenses P/LP	chr15	40210185	ACT	A	c.2363_2364delCT	p.Ser788fs	neutral	BS_751B2CF8	0.46	0.54	NA	0.04	NA	0.123333333	NA
BS_7CBZW7P6	BS_S0T3CQ97	Other high-grade glioma	"HGG, H3 wildtype, TP53 activated"	RMRP	Pathogenic	ClinVar Pathogenic -- Badge-lab consenses P/LP	chr9	35657776	T	C	c.-604T>C	.	loss	BS_7CBZW7P6	0.46	0.11	0.853546545	-0.39	-0.456917086	0.38	0.445201263
BS_7XEH55CB	BS_59FR1NC2	Choroid plexus tumor	NA	TP53	Pathogenic	ClinVar Pathogenic -- Badge-lab consenses P/LP	chr17	7675995	G	C	c.374C>G	.	neutral	BS_7XEH55CB	0.52	0.92	0.890474595	0.42	0.471658599	0.355	0.398663816
BS_85KFJ81X	BS_QSMFVHSB	Ependymoma	"EPN, To be classified"	GJB2	Likely_pathogenic	ClinVar Likely pathogenic -- Badge-lab consensus is P/LP	chr13	20189559	G	A	c.23C>T	p.Thr8Met	gain	BS_85KFJ81X	0.5	0.54	0.467969235	0.04	0.085475704	0.07	0.149582483
BS_8782G07F	BS_8H2XX24V	Medulloblastoma	"MB, Group3"	FAH	Pathogenic	ClinVar Pathogenic -- Badge-lab consenses P/LP	chr15	80173089	C	T	c.782C>T	p.Pro261Leu	neutral	BS_8782G07F	0.62	0.64	0.708121905	0.14	0.197706072	0.138	0.194881699
BS_88B4WV6J	BS_NHRNZRQV	Low-grade glioma	"LGG, BRAF V600E, CDKN2A/B"	GJB2	Pathogenic	ClinVar Pathogenic -- Badge-lab consenses P/LP	chr13	20189166	C	T	c.416G>A	p.Ser139Asn	gain	BS_88B4WV6J	0.47	0.67	NA	0.17	NA	0.17	NA
BS_8Q2EAYJR	BS_V2MDX7HG	Non-neoplastic tumor	NA	ATM	Pathogenic	ClinVar Pathogenic -- Badge-lab consenses P/LP	chr11	108289006	A	AT	c.4143dupT	p.Pro1382fs	neutral	BS_8Q2EAYJR	0.48	0.47	NA	-0.03	NA	0.145	NA
BS_8Q2EAYJR	BS_V2MDX7HG	Non-neoplastic tumor	NA	CDKN2A	Pathogenic	ClinVar Pathogenic -- Badge-lab consenses P/LP	chr9	21974861	C	A	c.-34G>T	.	neutral	BS_8Q2EAYJR	0.55	0.52	NA	0.02	NA	0.02	NA
BS_92SK6DD8	BS_MW6YMRBJ	Low-grade glioma	"LGG, FGFR"	FANCA	Pathogenic	ClinVar Pathogenic -- Badge-lab consenses P/LP	chr16	89745026	T	TC	c.3558dupG	p.Arg1187fs	neutral	BS_92SK6DD8	0.64	0.56	1	0.06	0.06	0.08	0.08
BS_938K7FSV	BS_1EQGGHHQ	Non-neoplastic tumor	NA	NTHL1	Pathogenic	ClinVar Pathogenic -- Badge-lab consenses P/LP	chr16	2046131	TG	T	c.374delC	p.Pro125fs	neutral	BS_938K7FSV	0.46	0.61	NA	0.11	NA	NA	NA
BS_9A5CF1QE	BS_DC7XYYG8	Low-grade glioma	"SEGA, wildtype"	TSC2	Pathogenic	ClinVar Pathogenic -- Badge-lab consenses P/LP	chr16	2060655	G	A	c.976-15G>A	.	neutral	BS_9A5CF1QE	0.51	0.56	0.917515262	0.06	0.065394008	0.18375	0.200269148
BS_9F8D3A05	BS_H50HR85Y	Low-grade glioma	"LGG, RTK"	CHEK2	Likely_pathogenic	ClinVar Likely pathogenic -- Conflicting but disease C1458155 was found in P-LP and not in B-LP or VUS	chr22	28694066	G	A	c.1556C>T	p.Thr519Met	loss	BS_9F8D3A05	0.5	0.47	0.750532401	-0.03	-0.039971625	0.045	0.059957438
BS_9R1ENMBP	BS_HJ95JNFN	Other high-grade glioma	"HGG, H3 wildtype"	WRN	Pathogenic	ClinVar Pathogenic -- Badge-lab consenses P/LP	chr8	31111747	C	T	c.2221C>T	p.Arg741*	neutral	BS_9R1ENMBP	0.48	0.45	NA	-0.05	NA	0.09	NA
BS_AB2C1EF9	BS_MGY2V5N4	Mixed neuronal-glial tumor	NA	PTCH1	Pathogenic	ClinVar Pathogenic -- Badge-lab consenses P/LP	chr9	95449239	CG	C	c.3633delC	p.Gly1212fs	neutral	BS_AB2C1EF9	0.46	0.48	NA	-0.02	NA	0.11	NA
BS_ACZNJGV3	BS_M1YHV93N	Non-neoplastic tumor	NA	TSC1	Pathogenic	ClinVar Pathogenic -- Badge-lab consenses P/LP	chr9	132902640	G	A	c.2356C>T	p.Arg786*	neutral	BS_ACZNJGV3	0.55	0.53	1	0.03	0.03	0.2575	0.2575
BS_B2AFNXS1	BS_12ZB7R6A	Atypical Teratoid Rhabdoid Tumor	NA	PTPN11	Pathogenic	ClinVar Pathogenic -- Badge-lab consenses P/LP	chr12	112472961	G	T	c.774G>T	p.Glu258Asp	neutral	BS_B2AFNXS1	0.59	0.46	NA	-0.04	NA	0.04	NA
BS_BE3DW3RB	BS_Y9GHDZKS	Choroid plexus tumor	NA	RMRP	Pathogenic	ClinVar Pathogenic -- Badge-lab consenses P/LP	chr9	35658027	A	AGCTTCACAGAGTAGT	n.-10_-9insACTACTCTGTGAAGC	.	neutral	BS_BE3DW3RB	0.4	NA	0.961792485	NA	NA	NA	NA
BS_BPDT230W	BS_WEGGXVYA	Low-grade glioma	"SEGA, wildtype"	TSC2	Likely_pathogenic	InterVar_Recalculated Likely_pathogenic	chr16	2062516	TG	T	c.1278delG	p.Ile427fs	neutral	BS_BPDT230W	0.5	0.86	0.013246523	0.36	0.5	0.3475	0.5
BS_C8EYP5BV	BS_8TFBNHT0	Low-grade glioma	"LGG, wildtype"	RECQL4	Likely_pathogenic	ClinVar Likely pathogenic -- Badge-lab consensus is P/LP	chr8	144513260	ACGCCCGGCC	A	c.2412_2420delGGCCGGGCG	p.Ala805_Arg807del	neutral	BS_C8EYP5BV	0.32	0.35	0.855074217	-0.15	-0.175423369	0.09	0.105254021
BS_CJFTT8ZC	BS_XKP747AS	Low-grade glioma	"LGG, KIAA1549-BRAF"	FANCD2	Likely_pathogenic	InterVar_Recalculated Likely_pathogenic	chr3	10043079	T	TC	c.919dupC	p.Leu307fs	neutral	BS_CJFTT8ZC	0.47	0.48	0.319586813	-0.02	-0.062580805	0.107777778	0.337241005
BS_CX6SQF8T	BS_X1R0N8QS	Medulloblastoma	"MB, Group4"	EZH2	Likely_pathogenic	InterVar_Recalculated Likely_pathogenic	chr7	148847273	T	C	c.26A>G	p.Glu9Gly	neutral	BS_CX6SQF8T	0.52	0.4	0.952897951	-0.1	-0.104943032	0.1	0.104943032
BS_D48QXYW6	BS_Q6GVRAWK	DIPG or DMG	"DMG, H3 K28, TP53 activated"	PMS2	Pathogenic	ClinVar Pathogenic -- ReviewPanel_lab_P/LP	chr7	5986933	A	AT	c.1831dupA	p.Ile611fs	neutral	BS_D48QXYW6	0.44	0.42	NA	-0.08	NA	0.045	NA
BS_D7AKEXHJ	BS_KM878Y43	Low-grade glioma	"LGG, wildtype"	EZH2	Likely_pathogenic	InterVar_Recalculated Likely_pathogenic	chr7	148814129	G	A	c.1681C>T	p.Arg561Cys	neutral	BS_D7AKEXHJ	0.42	0.55	NA	0.05	NA	0.14	NA
BS_40QCA1MC	BS_GS9JCK55	Mixed neuronal-glial tumor	"GNG, NF1-germline"	NF1	Pathogenic	ClinVar Pathogenic -- Badge-lab consenses P/LP	chr17	31357308	C	T	c.7909C>T	p.Arg2637*	neutral	BS_40QCA1MC	0.58	0.71	0.663195558	0.21	0.316648683	0.278888889	0.420522854
BS_DJ7XB1DM	BS_VQC2PE2B	Low-grade glioma	"LGG, KIAA1549-BRAF"	MUTYH	Pathogenic	ClinVar Pathogenic -- Badge-lab consenses P/LP	chr1	45331218	TTCC	T	c.1437_1439delGGA	p.Glu480del	neutral	BS_DJ7XB1DM	0.35	0.41	NA	-0.09	NA	NA	NA
BS_E1EPMTD5	BS_4ZKN0WGS	Low-grade glioma	"LGG, KIAA1549-BRAF"	FANCI	Likely_pathogenic	InterVar_Recalculated Likely_pathogenic	chr15	89281212	AAAGTTGTTCTTCT	A	c.1427_1439delGTTGTTCTTCTAA	p.Ser476fs	neutral	BS_E1EPMTD5	0.57	0.44	0.78386786	-0.06	-0.076543513	0.08	0.102058018
BS_E1SWA20C	BS_WCNPE0AC	Atypical Teratoid Rhabdoid Tumor	NA	RAD51D	Likely_pathogenic	ClinVar Likely pathogenic -- Badge-lab consensus is P/LP	chr17	35101206	G	A	c.958C>T	p.Arg320*	neutral	BS_E1SWA20C	0.58	0.51	0.743655785	0.01	0.013447082	NA	NA
BS_EE7684YB	BS_P6NWC51S	Choroid plexus tumor	NA	SOS2	Likely_pathogenic	InterVar_Recalculated Likely_pathogenic	chr14	50120301	AC	A	c.3462delG	p.Lys1154fs	gain	BS_EE7684YB	0.65	0.54	0.461953015	0.04	0.086588893	0.076	0.164518896
BS_ESFA9S69	BS_PZDTK87A	Non-neoplastic tumor	NA	TSC1	Pathogenic	ClinVar Pathogenic -- Badge-lab consenses P/LP	chr9	132903785	G	A	c.2074C>T	p.Arg692*	neutral	BS_ESFA9S69	0.66	0.45	1	-0.05	-0.05	0.04	0.04
BS_ETAATG3J	BS_K3PPH522	Schwannoma	NA	LZTR1	Pathogenic	InterVar_Recalculated Pathogenic	chr22	20994614	C	T	c.1672C>T	p.Gln558*	loss	BS_ETAATG3J	0.5	0.76	0.700286733	0.26	0.37127649	0.305	0.435535882
BS_EVZW31ZP	BS_02W5H7K5	Other tumor	NA	ATM	Pathogenic	ClinVar Pathogenic -- Badge-lab consenses P/LP	chr11	108284280	AG	A	c.3802delG	p.Val1268fs	neutral	BS_EVZW31ZP	0.32	0.48	1	-0.02	-0.02	0.215	0.215
BS_EXKVBK51	BS_376Q9QKG	Ependymoma	"EPN, To be classified"	RAD50	Pathogenic	ClinVar Pathogenic -- Badge-lab consenses P/LP	chr5	132589675	TGAGATAA	T	c.1300_1306delGATAAGA	p.Asp434fs	neutral	BS_EXKVBK51	0.39	0.37	NA	-0.13	NA	NA	NA
BS_FQ7H95MY	BS_0XD58YD9	Low-grade glioma	"LGG, To be classified"	EGFR	Likely_pathogenic	InterVar_Recalculated Likely_pathogenic	chr7	55202673	CA	C	c.3271+49delA	.	neutral	BS_FQ7H95MY	0.6	0.31	NA	-0.19	NA	0.04	NA
BS_G5B1ZN5S	BS_4XPPZTGG	Craniopharyngioma	"CRANIO, To be classified"	FGFR2	Likely_pathogenic	InterVar_Recalculated Likely_pathogenic	chr10	121526745	A	C	c.8T>G	p.Leu3*	neutral	BS_G5B1ZN5S	0.57	0.43	0.335412077	-0.07	-0.208698508	0.171666667	0.5
BS_GBQ6A3ST	BS_STNH7YSX	Other high-grade glioma	"HGG, H3 G35"	XPC	Likely_pathogenic	InterVar_Recalculated Likely_pathogenic	chr3	14153984	T	TA	c.2034-1569dupT	.	neutral	BS_GBQ6A3ST	0.42	0.43	NA	-0.07	NA	0.085	NA
BS_GERET530	BS_ZAT0XJE5	Atypical Teratoid Rhabdoid Tumor	NA	SMARCB1	Pathogenic	InterVar_Recalculated Pathogenic	chr22	23791803	C	G	c.141C>G	p.Tyr47*	neutral	BS_GERET530	0.52	0.95	0.799475379	0.45	0.5	0.45	0.5
BS_GEYA8N9C	BS_AGAW7M7W	Meningioma	NA	BRCA2	Pathogenic	ClinVar Pathogenic -- Badge-lab consenses P/LP	chr13	32340592	G	GT	c.6239dupT	p.Leu2080fs	neutral	BS_GEYA8N9C	0.34	0.45	0.800915012	-0.05	-0.062428596	0.06	0.074914316
BS_GJWAV3E5	BS_A1DV9T7G	Neurofibroma plexiform	NA	PMS2	Likely_pathogenic	InterVar_Recalculated Likely_pathogenic	chr7	6002670	G	C	c.11C>G	p.Ser4*	neutral	BS_GJWAV3E5	0.59	0.52	0.691104143	0.02	0.028939199	0.205	0.296626785
BS_GKFY1GX4	BS_8YQGSMDK	Medulloblastoma	"MB, SHH"	EDNRB	Likely_pathogenic	InterVar_Recalculated Likely_pathogenic	chr13	77901181	C	A	c.1098G>T	p.Trp366Cys	neutral	BS_GKFY1GX4	0.57	0.49	0.907368455	-0.01	-0.011020881	0.24	0.26450115
BS_GSTHVZFR	BS_J6VRW67C	Low-grade glioma	"LGG, BRAF V600E"	GBA	Pathogenic	ClinVar Pathogenic -- Badge-lab consenses P/LP	chr1	155235727	C	G	c.1342G>C	p.Asp448His	neutral	BS_GSTHVZFR	0.31	0.28	0.384946783	-0.22	-0.5	NA	NA
BS_HHJZ05XC	BS_3MYQP7P5	Low-grade glioma	"LGG, wildtype"	SOS1	Likely_pathogenic	ClinVar Likely pathogenic -- Badge-lab consensus is P/LP	chr2	39051253	A	G	c.755T>C	p.Ile252Thr	neutral	NA	NA	NA	NA	NA	NA	NA	NA
BS_HHJZ05XC	BS_3MYQP7P5	Low-grade glioma	"LGG, wildtype"	NF2	Pathogenic	ClinVar Pathogenic -- Badge-lab consenses P/LP	chr22	29661313	C	T	c.784C>T	p.Arg262*	loss	NA	NA	NA	NA	NA	NA	NA	NA
BS_HJ99CJ2R	BS_9GJHMA3J	Ependymoma	"EPN, To be classified"	TP53	Likely_pathogenic	ClinVar Likely pathogenic -- Conflicting but disease C0027672 was found in P-LP and not in B-LP or VUS	chr17	7674887	C	T	c.644G>A	.	neutral	BS_HJ99CJ2R	0.38	0.97	NA	0.47	NA	NA	NA
BS_HNWNZFHA	BS_XEVMEYFS	Choroid plexus tumor	NA	TP53	Likely_pathogenic	InterVar_Recalculated Likely_pathogenic	chr17	7673786	AG	A	c.833delC	p.Pro278fs	neutral	BS_HNWNZFHA	0.53	0.81	0.767940901	0.31	0.403676897	0.31	0.403676897
BS_HNWNZFHA	BS_XEVMEYFS	Choroid plexus tumor	NA	COL7A1	Pathogenic	ClinVar Pathogenic -- Badge-lab consenses P/LP	chr3	48584763	G	A	c.4018C>T	p.Arg1340*	neutral	BS_HNWNZFHA	0.33	NA	0.767940901	NA	NA	NA	NA
BS_2EAATK5V	BS_DW1CYEXP	Low-grade glioma	"LGG, NF1-germline, CDKN2A/B"	NF1	Pathogenic	ClinVar Pathogenic -- Badge-lab consenses P/LP	chr17	31182594	CT	C	c.818delT	p.Leu273fs	neutral	BS_2EAATK5V	0.47	0.7	0.362097461	0.2	0.5	0.26	0.5
BS_J7WQHJDQ	BS_6Y7FX7QJ	Mixed neuronal-glial tumor	"GNG, other MAPK"	CHEK2	Pathogenic	ClinVar Pathogenic -- Badge-lab consenses P/LP	chr22	28734444	CA	C	c.277delT	p.Trp93fs	neutral	BS_J7WQHJDQ	0.57	0.46	NA	-0.04	NA	0.1125	NA
BS_J996NDK4	BS_R913E3VB	Low-grade glioma	"LGG, KIAA1549-BRAF"	PTCH2	Likely_pathogenic	InterVar_Recalculated Likely_pathogenic	chr1	44826289	AG	A	c.3074delC	p.Ser1025fs	neutral	BS_J996NDK4	0.52	0.48	1	-0.02	-0.02	0.02	0.02
BS_J9M165VZ	BS_8SETK1J4	Ependymoma	"EPN, To be classified"	ERCC4	Likely_pathogenic	ClinVar Likely pathogenic -- Badge-lab consensus is P/LP	chr16	13935697	C	T	c.1765C>T	p.Arg589Trp	neutral	BS_J9M165VZ	0.45	0.52	0.955489986	0.02	0.020931669	0.03	0.031397503
BS_T3VJQSYM	BS_ZHJFX6C9	Neurofibroma plexiform	NA	NF1	Likely_pathogenic	InterVar_Recalculated Likely_pathogenic	chr17	31326172	AC	A	c.5190delC	p.Leu1731fs	neutral	BS_T3VJQSYM	0.55	0.6	0.208539585	0.1	0.479525265	0.212727273	0.5
BS_JNRAKEMV	BS_PYVPKH11	Medulloblastoma	"MB, SHH"	PTCH1	Pathogenic	InterVar_Recalculated Pathogenic	chr9	95480550	A	T	c.785T>A	p.Leu262*	loss	BS_JNRAKEMV	0.5	0.92	0.396313909	0.42	0.5	0.443333333	0.5
BS_JTSWHVNR	BS_VQEPFE1P	Meningioma	NA	NF2	Pathogenic	ClinVar Pathogenic -- Badge-lab consenses P/LP	chr22	29655669	C	T	c.592C>T	p.Arg198*	neutral	BS_JTSWHVNR	0.59	0.48	NA	-0.02	NA	0.08	NA
BS_JWETX0BH	BS_79NQJZ09	Other high-grade glioma	"HGG, H3 wildtype, TP53 loss"	RAD50	Pathogenic	ClinVar Pathogenic -- Badge-lab consenses P/LP	chr5	132594950	C	G	c.1875C>G	p.Tyr625*	neutral	BS_JWETX0BH	0.58	0.19	NA	-0.31	NA	NA	NA
BS_JZAENWRM	BS_FXDY881S	Germ cell tumor	NA	EPCAM	Pathogenic	ClinVar Pathogenic -- Badge-lab consenses P/LP	chr2	47378939	A	G	n.*1169A>G	.	neutral	BS_JZAENWRM	0.49	0.28	0.312876456	-0.22	-0.5	NA	NA
BS_K1ZCZDGY	BS_F5V8CWXT	Ependymoma	"EPN, To be classified"	FGFR2	Likely_pathogenic	InterVar_Recalculated Likely_pathogenic	chr10	121526740	TGTTTA	T	c.8_12delTAAAC	p.Leu3fs	neutral	BS_K1ZCZDGY	0.4	0.43	1	-0.07	-0.07	NA	NA
BS_K4XGEGW0	BS_80078QDG	Other high-grade glioma	"HGG, H3 wildtype, TP53 loss"	TP53	Likely_pathogenic	ClinVar Likely pathogenic -- Badge-lab consensus is P/LP	chr17	7675994	C	A	c.375G>T	.	loss	BS_K4XGEGW0	0.5	0.85	NA	0.35	NA	0.323333333	NA
BS_K65XZGKM	BS_P3P96WCD	Medulloblastoma	"MB, WNT"	COL7A1	Pathogenic	ClinVar Pathogenic -- Badge-lab consenses P/LP	chr3	48584366	CA	C	c.4128delT	p.Gly1377fs	neutral	BS_K65XZGKM	0.59	0.56	0.658769661	0.06	0.091078876	0.045	0.068309157
BS_XR81Q21W	BS_6Z213H2V	Neurofibroma plexiform	NA	NF1	Pathogenic	ClinVar Pathogenic -- Badge-lab consenses P/LP	chr17	31206257	G	A	c.1278G>A	p.Trp426*	neutral	BS_XR81Q21W	0.56	0.59	0.328150213	0.09	0.27426464	0.088	0.26816987
BS_KF14TKFY	BS_YBCQBCQC	Craniopharyngioma	"CRANIO, ADAM"	PTCH2	Likely_pathogenic	InterVar_Recalculated Likely_pathogenic	chr1	44827881	AG	A	c.2019delC	p.Tyr674fs	neutral	BS_KF14TKFY	0.55	0.44	0.526648255	-0.06	-0.113928033	0.055	0.104434031
BS_MKYS4YRC	BS_62XRDTM6	Ependymoma	"EPN, To be classified"	MUTYH	Pathogenic	ClinVar Pathogenic -- Badge-lab consenses P/LP	chr1	45332795	G	A	c.544C>T	p.Arg182Cys	neutral	BS_MKYS4YRC	0.5	0.45	1	-0.05	-0.05	0.22	0.22
BS_N0X0S3JD	BS_3A0CJMRH	Low-grade glioma	"SEGA, wildtype"	TSC1	Pathogenic	ClinVar Pathogenic -- Badge-lab consenses P/LP	chr9	132906080	G	A	c.1498C>T	p.Arg500*	neutral	BS_N0X0S3JD	0.32	0.8	0.263858646	0.3	0.5	0.34	0.5
BS_N2TDDQ9Y	BS_KFRBXXV7	Choroid plexus tumor	NA	ERCC5	Likely_pathogenic	InterVar_Recalculated Likely_pathogenic	chr13	102852169	G	A	c.1502G>A	p.Gly501Glu	neutral	BS_N2TDDQ9Y	0.39	0.3	0.700985328	-0.2	-0.285312676	NA	NA
BS_N56BGDK6	BS_XGVSX8BX	Other high-grade glioma	"HGG, H3 wildtype"	FANCG	Pathogenic	ClinVar Pathogenic -- Badge-lab consenses P/LP	chr9	35075739	A	AG	c.1158dupC	p.Ser387fs	neutral	BS_N56BGDK6	0.37	0.27	0.736589344	-0.23	-0.312249969	NA	NA
BS_NTV9Z7SE	BS_B91XGSA5	Other tumor	NA	RECQL4	Likely_pathogenic	ClinVar Likely pathogenic -- Badge-lab consensus is P/LP	chr8	144513260	ACGCCCGGCC	A	c.2412_2420delGGCCGGGCG	p.Ala805_Arg807del	neutral	BS_NTV9Z7SE	0.34	0.31	0.942166134	-0.19	-0.201662948	NA	NA
BS_J5596HKA	BS_XVNNWN2Z	Neurofibroma plexiform	NA	NF1	Likely_pathogenic	InterVar_Recalculated Likely_pathogenic	chr17	31356506	TA	T	c.7666delA	p.Arg2556fs	loss	BS_J5596HKA	0.35	0.59	1	0.09	0.09	0.315	0.315
BS_PAYW4RCK	BS_D3ZV6MMY	Mixed neuronal-glial tumor	NA	ERCC2	Likely_pathogenic	ClinVar Likely pathogenic -- *Latest reported date call is Likely pathogenic date 20220111	chr19	45364274	C	T	c.776G>A	p.Cys259Tyr	neutral	BS_PAYW4RCK	0.6	0.6	0.841275081	0.1	0.118867184	0.055	0.065376951
BS_PF7546KW	BS_5NAKYS1S	Low-grade glioma	"LGG, wildtype"	RECQL4	Pathogenic	ClinVar Pathogenic -- Badge-lab consenses P/LP	chr8	144514982	CA	C	c.1573delT	p.Cys525fs	neutral	BS_PF7546KW	0.57	0.39	0.508811833	-0.11	-0.216189941	0.09	0.176882679
BS_PJK0M1X0	BS_B1X2SB4P	Low-grade glioma	"SEGA, wildtype"	TSC2	Pathogenic	ClinVar Pathogenic -- Badge-lab consenses P/LP	chr16	2079615	C	T	c.3343C>T	p.Gln1115*	neutral	BS_PJK0M1X0	0.5	0.7	1	0.2	0.2	0.20375	0.20375
BS_Q1SPJ467	BS_8WJR4AA3	Atypical Teratoid Rhabdoid Tumor	NA	NBN	Pathogenic	ClinVar Pathogenic -- Badge-lab consenses P/LP	chr8	89971213	ATTTGT	A	c.657_661delACAAA	p.Lys219fs	neutral	BS_Q1SPJ467	0.45	0.46	0.761468261	-0.04	-0.052530095	0.04	0.052530095
BS_DCEAZ94R	BS_T1SNKF50	Ependymoma	"EPN, ST RELA"	NF1	Pathogenic	ClinVar Pathogenic -- Badge-lab consenses P/LP	chr17	31357308	C	T	c.7909C>T	p.Arg2637*	neutral	BS_DCEAZ94R	0.45	0.58	0.709177315	0.08	0.112806767	0.10625	0.149821487
BS_Q80JX5G6	BS_Q50P97Y0	Low-grade glioma	"LGG, KIAA1549-BRAF"	HMBS	Pathogenic	ClinVar Pathogenic -- Badge-lab consenses P/LP	chr11	119091515	C	T	c.601C>T	p.Arg201Trp	neutral	BS_Q80JX5G6	0.42	0.62	0.739107929	0.12	0.162357885	0.12	0.162357885
BS_QG3PYXB4	BS_AR2BH0Z4	Mixed neuronal-glial tumor	"GNG, BRAF V600E"	BRCA1	Pathogenic	ClinVar Pathogenic -- ReviewPanel_lab_P/LP	chr17	43115735	AT	A	c.124delA	p.Ile42fs	neutral	BS_QG3PYXB4	0.51	0.46	1	-0.04	-0.04	0.02	0.02
BS_QG3PYXB4	BS_AR2BH0Z4	Mixed neuronal-glial tumor	"GNG, BRAF V600E"	PMS2	Pathogenic	ClinVar Pathogenic -- Badge-lab consenses P/LP	chr7	5987389	G	C	c.1376C>G	p.Ser459*	neutral	BS_QG3PYXB4	0.38	0.41	1	-0.09	-0.09	0.26	0.26
BS_QGEEVNAS	BS_2SG8JNMB	Mixed neuronal-glial tumor	"GNT, other MAPK, FGFR"	ERCC2	Pathogenic	ClinVar Pathogenic -- Badge-lab consenses P/LP	chr19	45352235	G	A	c.2164C>T	p.Arg722Trp	neutral	BS_QGEEVNAS	0.66	0.55	0.620810342	0.05	0.080539895	NA	NA
BS_QMBK2FV7	BS_1S2BHJ8K	Medulloblastoma	"MB, SHH"	RAD51D	Pathogenic	ClinVar Pathogenic -- Badge-lab consenses P/LP	chr17	35107380	T	TA	c.390dupT	p.Ser131fs	neutral	BS_QMBK2FV7	0.63	0.56	0.973875989	0.06	0.061609487	NA	NA
BS_RG2CTN65	BS_MZJJRDZF	Low-grade glioma	"LGG, KIAA1549-BRAF"	BRIP1	Pathogenic	ClinVar Pathogenic -- Badge-lab consenses P/LP	chr17	61716051	G	A	c.2392C>T	p.Arg798*	neutral	BS_RG2CTN65	0.26	0.5	1	0	0	0.098571429	0.098571429
BS_RVFDSK8D	BS_APAQ2X2S	Low-grade glioma	"LGG, KIAA1549-BRAF"	GBA	Likely_pathogenic	InterVar_Recalculated Likely_pathogenic	chr1	155236318	G	A	c.1151C>T	p.Ser384Phe	neutral	BS_RVFDSK8D	0.54	0.55	NA	0.05	NA	0.135	NA
BS_S2N3XTKS	BS_0FQKT8EY	Atypical Teratoid Rhabdoid Tumor	NA	FANCI	Likely_pathogenic	InterVar_Recalculated Likely_pathogenic	chr15	89316456	A	ATAAAT	c.3985_*2dupTAAAT	.	neutral	BS_S2N3XTKS	0.46	0.41	NA	-0.09	NA	0.137142857	NA
BS_S588W9V2	BS_93B38HPS	Mixed neuronal-glial tumor	"GNG, BRAF V600E"	RMRP	Likely_pathogenic	ClinVar Likely pathogenic -- Badge-lab consensus is P/LP	chr9	35658017	C	CCACGTCCTCAGCTTCA	c.-363_-362insCACGTCCTCAGCTTCA	.	neutral	BS_S588W9V2	0.48	0.31	1	-0.19	-0.19	0.19	0.19
BS_S6EXG9N9	BS_Z1BBZ01F	Neurofibroma plexiform	NA	NF1	Pathogenic	ClinVar Pathogenic -- Badge-lab consenses P/LP	chr17	31155997	AG	A	c.77delG	p.Gly26fs	neutral	BS_S6EXG9N9	0.37	0.57	NA	0.07	NA	0.212	NA
BS_SF02KBCG	BS_CSY11X7E	Medulloblastoma	"MB, SHH"	MUTYH	Pathogenic	ClinVar Pathogenic -- Badge-lab consenses P/LP	chr1	45331699	AG	A	c.1147delC	p.Ala385fs	neutral	BS_SF02KBCG	0.4	0.68	0.309035223	0.18	0.5	0.07	0.226511397
BS_SG7EPZ4W	BS_F4D169Q7	Low-grade glioma	"LGG, KIAA1549-BRAF"	CTNNA1	Likely_pathogenic	InterVar_Recalculated Likely_pathogenic	chr5	138782024	A	AT	c.100_101insT	p.Thr34fs	neutral	BS_SG7EPZ4W	0.5	0.43	1	-0.07	-0.07	0.258	0.258
BS_SGS26NXP	BS_85Q5P8GF	DIPG or DMG	"DMG, H3 K28, TP53 loss"	MSH2	Pathogenic	ClinVar Pathogenic -- ReviewPanel_lab_P/LP	chr2	47475171	G	C	c.1906G>C	p.Ala636Pro	neutral	BS_SGS26NXP	0.48	0.82	0.745051138	0.32	0.42950072	0.404166667	0.5
BS_SP886CE6	BS_D09VWF8H	Low-grade glioma	"LGG, wildtype"	CHEK2	Pathogenic	ClinVar Pathogenic -- Badge-lab consenses P/LP	chr22	28695219	G	A	c.1412C>T	p.Ser471Phe	neutral	BS_SP886CE6	0.42	0.42	NA	-0.08	NA	0.106666667	NA
BS_SZYRB89G	BS_19EJ85F8	Atypical Teratoid Rhabdoid Tumor	NA	SMARCB1	Likely_pathogenic	InterVar_Recalculated Likely_pathogenic	chr22	23825375	CG	C	c.977delG	p.Gly326fs	neutral	BS_SZYRB89G	0.36	0.72	0.040997894	0.22	0.5	0.343333333	0.5
BS_XCA92FF3	BS_NJV6A585	Neurofibroma plexiform	NA	NF1	Pathogenic	InterVar_Recalculated Pathogenic	chr17	31182563	TA	T	c.789delA	p.Ala264fs	neutral	BS_XCA92FF3	0.52	0.55	NA	0.05	NA	0.073789474	NA
BS_T3FD64Z7	BS_KSRYKCDE	Neurofibroma plexiform	NA	NF1	Likely_pathogenic	InterVar_Recalculated Likely_pathogenic	chr17	31350248	CT	C	c.7389delT	p.Thr2464fs	neutral	BS_T3FD64Z7	0.44	0.54	NA	0.04	NA	0.164615385	NA
BS_TARPGT44	BS_W9P0PFDH	Low-grade glioma	"SEGA, wildtype"	TSC1	Pathogenic	ClinVar Pathogenic -- Badge-lab consenses P/LP	chr9	132921367	G	A	c.733C>T	p.Arg245*	neutral	BS_TARPGT44	0.52	0.95	0.390869864	0.45	0.5	0.415	0.5
BS_TE01WW4M	BS_1JMTTKMK	Medulloblastoma	"MB, Group4"	FANCC	Pathogenic	ClinVar Pathogenic -- Badge-lab consenses P/LP	chr9	95117318	G	A	c.1069C>T	p.Gln357*	neutral	BS_TE01WW4M	0.58	0.47	0.91743174	-0.03	-0.03269998	0.115	0.125349925
BS_THDBV4G0	BS_B9QP40ER	DIPG or DMG	"DMG, H3 K28, TP53 activated"	BRIP1	Likely_pathogenic	ClinVar Likely pathogenic -- Badge-lab consensus is P/LP	chr17	61801348	C	G	c.1045G>C	p.Ala349Pro	neutral	BS_THDBV4G0	0.5	0.17	NA	-0.33	NA	0.3175	NA
BS_THDBV4G0	BS_B9QP40ER	DIPG or DMG	"DMG, H3 K28, TP53 activated"	ELP1	Likely_pathogenic	InterVar_Recalculated Likely_pathogenic	chr9	108912363	GAC	G	c.1088_1089delGT	p.Cys363fs	neutral	BS_THDBV4G0	0.38	0.49	NA	-0.01	NA	0.05	NA
BS_TP6GSAB6	BS_KP0YNTAK	Other tumor	NA	ERCC5	Likely_pathogenic	InterVar_Recalculated Likely_pathogenic	chr13	102852222	C	T	c.1555C>T	p.Leu519Phe	gain	BS_TP6GSAB6	0.53	0.41	0.485634317	-0.09	-0.18532463	NA	NA
BS_TQYACCGG	BS_PVZJCXS1	Medulloblastoma	"MB, SHH"	PTCH1	Likely_pathogenic	InterVar_Recalculated Likely_pathogenic	chr9	95461919	T	TC	c.2639dupG	p.Val881fs	loss	BS_TQYACCGG	0.61	0.91	NA	0.41	NA	0.4625	NA
BS_TV8HD883	BS_9M49SGAQ	Mixed neuronal-glial tumor	"GNG, KIAA1549-BRAF"	RECQL4	Pathogenic	ClinVar Pathogenic -- Badge-lab consenses P/LP	chr8	144513610	G	A	c.2161C>T	p.Arg721*	neutral	BS_TV8HD883	0.5	0.48	0.567931721	-0.02	-0.035215501	0.02	0.035215501
BS_VN983YRH	BS_CPYV7AHD	Low-grade glioma	"LGG, BRAF V600E"	BLM	Pathogenic	ClinVar Pathogenic -- Badge-lab consenses P/LP	chr15	90765319	C	T	c.2098C>T	p.Gln700*	neutral	BS_VN983YRH	0.48	0.47	0.481680388	-0.03	-0.062281963	0.09	0.186845888
BS_VNBX1SEV	BS_SK4H5MJQ	Other high-grade glioma	"HGG, H3 wildtype"	BRIP1	Pathogenic	ClinVar Pathogenic -- Badge-lab consenses P/LP	chr17	61716051	G	A	c.2392C>T	p.Arg798*	neutral	BS_VNBX1SEV	0.56	0.47	NA	-0.03	NA	0.055	NA
BS_VP4S1XTC	BS_MWZCP1XW	Mesenchymal tumor	EWS	FH	Pathogenic	ClinVar Pathogenic -- Badge-lab consenses P/LP	chr1	241504227	G	C	c.923C>G	.	neutral	BS_VP4S1XTC	0.57	0.56	0.964013894	0.06	0.062239767	0.06	0.062239767
BS_W75GCHPW	BS_SWHQ8FDW	Atypical Teratoid Rhabdoid Tumor	NA	TP53	Pathogenic	ClinVar Pathogenic -- Badge-lab consenses P/LP	chr17	7675232	G	A	c.380C>T	.	neutral	BS_W75GCHPW	0.29	0.9	0.850161509	0.4	0.470498836	0.48	0.5
BS_W75GCHPW	BS_SWHQ8FDW	Atypical Teratoid Rhabdoid Tumor	NA	TERT	Pathogenic	ClinVar Pathogenic -- Badge-lab consenses P/LP	chr5	1294549	C	CG	c.336dupC	p.Glu113fs	neutral	BS_W75GCHPW	0.31	0.04	0.850161509	-0.46	-0.5	0.286666667	0.337190832
BS_WCQW99V3	BS_MWXDJFWW	Craniopharyngioma	"CRANIO, ADAM"	MPL	Pathogenic	ClinVar Pathogenic -- Badge-lab consenses P/LP	chr1	43340042	C	T	c.769C>T	p.Arg257Cys	neutral	BS_WCQW99V3	0.41	0.56	0.284124541	0.06	0.211175	0.06	0.211175
BS_WMVYQREN	BS_JB3J82ZK	Other high-grade glioma	"HGG, H3 wildtype, TP53 loss"	MSH3	Pathogenic	ClinVar Pathogenic -- Badge-lab consenses P/LP	chr5	80665358	C	T	c.574C>T	p.Gln192*	loss	BS_WMVYQREN	0.5	0.91	0.635859185	0.41	0.5	0.456666667	0.5
BS_WP9M8J6W	BS_BD4RQ1G0	Schwannoma	NA	RAD51D	Pathogenic	ClinVar Pathogenic -- Badge-lab consenses P/LP	chr17	35119114	G	GTT	c.140_141insAA	p.Tyr47fs	neutral	BS_WP9M8J6W	0.34	0.5	0.687535706	0	0	NA	NA
BS_WP9M8J6W	BS_BD4RQ1G0	Schwannoma	NA	FGFR1	Likely_pathogenic	InterVar_Recalculated Likely_pathogenic	chr8	38414608	T	TCATTAAACAA	c.2091_2092insTTGTTTAATG	p.Met698fs	neutral	BS_WP9M8J6W	0.38	NA	0.687535706	NA	NA	0.333333333	0.484823305
BS_X0XM8PYJ	BS_VMZMGB7B	Meningioma	NA	NF2	Pathogenic	ClinVar Pathogenic -- Badge-lab consenses P/LP	chr22	29673477	CAGAG	C	c.1334_1337delAGAG	p.Glu445fs	loss	BS_X0XM8PYJ	0.45	0.86	0.610180114	0.36	0.5	0.373333333	0.5
BS_XCA92FF3	BS_NJV6A585	Neurofibroma plexiform	NA	SLX4	Likely_pathogenic	InterVar_Recalculated Likely_pathogenic	chr16	3591038	TC	T	c.2599delG	p.Glu867fs	neutral	BS_XCA92FF3	0.61	0.5	NA	0	NA	0.07	NA
BS_P3W89XQY	BS_S88G7BXH	Low-grade glioma	"LGG, NF1-germline"	NF1	Pathogenic	ClinVar Pathogenic -- Badge-lab consenses P/LP	chr17	31233085	GAC	G	c.3585_3586delAC	p.Leu1196fs	neutral	BS_P3W89XQY	0.62	0.52	1	0.02	0.02	0.4	0.4
BS_XCKDRRYT	BS_MW74GF38	Meningioma	NA	BAP1	Pathogenic	ClinVar Pathogenic -- Badge-lab consenses P/LP	chr3	52404529	G	A	c.1174C>T	p.Gln392*	loss	BS_XCKDRRYT	0.5	0.94	0.816174095	0.44	0.5	0.44	0.5
BS_XHT3F34T	BS_G9MQM1KK	Other high-grade glioma	"HGG, H3 wildtype"	TP53	Pathogenic	ClinVar Pathogenic -- Badge-lab consenses P/LP	chr17	7675145	CGGGTGCCGGGCGG	C	c.454_466delCCGCCCGGCACCC	p.Pro152fs	neutral	BS_XHT3F34T	0.35	0.42	0.164636624	-0.08	-0.485918613	0.02	0.121479653
BS_XKHY9A6D	BS_3BMGF6GN	Other high-grade glioma	"HGG, H3 wildtype, TP53 activated"	BRCA2	Pathogenic	ClinVar Pathogenic -- ReviewPanel_lab_P/LP	chr13	32380043	C	T	c.9154C>T	p.Arg3052Trp	loss	BS_XKHY9A6D	0.44	0.42	0.591250747	-0.08	-0.135306383	0.196666667	0.332628191
BS_XN449RAJ	BS_CGCNC41M	Low-grade glioma	"LGG, BRAF V600E"	ATM	Pathogenic	ClinVar Pathogenic -- Badge-lab consenses P/LP	chr11	108241292	A	G	c.497-2661A>G	.	neutral	BS_XN449RAJ	0.46	0.46	NA	-0.04	NA	0.138333333	NA
BS_XR81Q21W	BS_6Z213H2V	Neurofibroma plexiform	NA	ERCC5	Likely_pathogenic	InterVar_Recalculated Likely_pathogenic	chr13	102875313	C	T	c.4333C>T	p.Leu1445Phe	loss	BS_XR81Q21W	0.46	0.36	0.328150213	-0.14	-0.426633884	NA	NA
BS_ZQY1P7NR	BS_CDKC1E2B	Neurofibroma plexiform	NA	NF1	Pathogenic	ClinVar Pathogenic -- Badge-lab consenses P/LP	chr17	31338739	C	A	c.6855C>A	p.Tyr2285*	neutral	BS_ZQY1P7NR	0.56	0.52	1	0.02	0.02	0.111666667	0.111666667
BS_Y2Z06EDG	BS_3J4T2YYW	Medulloblastoma	"MB, To be classified"	SUFU	Likely_pathogenic	InterVar_Recalculated Likely_pathogenic	chr10	102592655	C	CT	c.528_529insT	p.Met177fs	neutral	BS_Y2Z06EDG	0.63	0.94	0.001150578	0.44	0.5	0.454827586	0.5
BS_YCT0FK91	BS_0RF0G9SQ	Medulloblastoma	"MB, Group4"	FANCA	Likely_pathogenic	ClinVar Likely pathogenic -- Badge-lab consensus is P/LP	chr16	89744977	CCTT	C	c.3605_3607delAAG	p.Glu1202del	neutral	BS_YCT0FK91	0.58	0.5	0.38944918	0	0	0.07	0.179741038
BS_Z6GF2TDX	BS_5Y2Q63Y4	Low-grade glioma	"SEGA, wildtype"	TSC2	Pathogenic	ClinVar Pathogenic -- Badge-lab consenses P/LP	chr16	2080179	C	T	c.3412C>T	p.Arg1138*	neutral	BS_Z6GF2TDX	0.48	0.54	NA	0.04	NA	0.126666667	NA
BS_ZH666SJW	BS_5BMNK8SY	Medulloblastoma	"MB, Group4"	GJB2	Pathogenic	ClinVar Pathogenic -- Badge-lab consenses P/LP	chr13	20189299	C	T	c.283G>A	p.Val95Met	loss	BS_ZH666SJW	0.56	0.5	0.639287646	0	0	0	0
BS_ZM9EYYDT	BS_01Y5F4PN	Low-grade glioma	"SEGA, wildtype"	TSC2	Pathogenic	ClinVar Pathogenic -- Badge-lab consenses P/LP	chr16	2070571	G	A	c.1832G>A	p.Arg611Gln	neutral	BS_ZM9EYYDT	0.55	0.71	0.362250655	0.21	0.5	0.21	0.5
BS_ZMW21B7R	BS_SMCPASF0	Low-grade glioma	"LGG, KIAA1549-BRAF"	ERCC2	Likely_pathogenic	InterVar_Recalculated Likely_pathogenic	chr19	45357328	TG	T	c.1420delC	p.His474fs	neutral	BS_ZMW21B7R	0.45	0.44	NA	-0.06	NA	0.18	NA
BS_ZP36WDVS	BS_XJZQA3AP	Other tumor	NA	ATM	Pathogenic	ClinVar Pathogenic -- Badge-lab consenses P/LP	chr11	108331884	CTCTAGAATT	C	c.7638_7646delTAGAATTTC	p.Arg2547_Ser2549del	neutral	BS_ZP36WDVS	0.5	0.39	NA	-0.11	NA	0.186666667	NA
BS_ZP36WDVS	BS_XJZQA3AP	Other tumor	NA	ERCC3	Pathogenic	ClinVar Pathogenic -- Badge-lab consenses P/LP	chr2	127272934	CT	C	c.1757delA	p.Gln586fs	neutral	BS_ZP36WDVS	0.52	0.44	NA	-0.06	NA	0.09	NA
BS_Q6K6BVTF	BS_EXTEGB51	Neurofibroma plexiform	NA	NF1	Pathogenic	ClinVar Pathogenic -- Badge-lab consenses P/LP	chr17	31343097	CTAACTT	C	c.7159_7164delAACTTT	p.Asn2387_Phe2388del	neutral	BS_Q6K6BVTF	0.46	0.49	NA	-0.01	NA	0.076666667	NA
BS_ZVFTWY6Y	BS_NS8G0465	Schwannoma	NA	NF2	Likely_pathogenic	InterVar_Recalculated Likely_pathogenic	chr22	29642254	TG	T	c.417delG	p.Leu140fs	neutral	BS_ZVFTWY6Y	0.61	0.89	1	0.39	0.39	0.335	0.335
BS_ZY319KJ4	BS_W2QCHQ7E	Other high-grade glioma	"HGG, H3 wildtype, TP53 loss"	ATM	Pathogenic	ClinVar Pathogenic -- Badge-lab consenses P/LP	chr11	108330308	G	GA	c.7406dupA	p.Asn2469fs	neutral	BS_ZY319KJ4	0.51	0.49	0.819701184	-0.01	-0.012199568	0.335714286	0.409556912
BS_0754AZX0	BS_20TBZG09	Other high-grade glioma	"HGG, H3 wildtype, TP53 loss"	MSH6	Pathogenic	ClinVar Pathogenic -- ReviewPanel_lab_P/LP	chr2	47804908	A	G	c.3439-2A>G	.	neutral	BS_0754AZX0	0.56	0.57	0.398167136	0.07	0.175805569	0.04	0.100460325
BS_0P3S5YJQ	BS_NXZSD2KK	Atypical Teratoid Rhabdoid Tumor	NA	MTAP	Pathogenic	InterVar_Recalculated Pathogenic	chr9	21816713	G	C	c.121-1G>C	.	neutral	BS_0P3S5YJQ	0.47	0.59	0.911112708	0.09	0.098780315	0.044	0.048292598
BS_26CXGVJ0	BS_C6GBYR17	Low-grade glioma	"LGG, other MAPK"	GJB2	Likely_pathogenic	ClinVar Likely pathogenic -- ReviewPanel_lab_P/LP	chr13	20189605	T	G	c.-22-2A>C	.	neutral	BS_26CXGVJ0	0.68	0.48	0.326225078	-0.02	-0.061307365	NA	NA
BS_3BC5EX6K	BS_A3EV6FXK	Ependymoma	"EPN, To be classified"	GJB2	Likely_pathogenic	ClinVar Likely pathogenic -- ReviewPanel_lab_P/LP	chr13	20189605	T	G	c.-22-2A>C	.	loss	BS_3BC5EX6K	0.47	0.08	0.849223345	-0.42	-0.494569541	0.42	0.494569541
BS_6K3Y2WXF	BS_3P96RT4E	Low-grade glioma	"SEGA, wildtype"	ASXL1	Pathogenic	InterVar_Recalculated Pathogenic	chr20	32429336	A	G	c.472-2A>G	.	neutral	BS_6K3Y2WXF	0.41	0.6	NA	0.1	NA	0.1	NA
BS_7QH9BCJQ	BS_DVQYQSVW	Medulloblastoma	"MB, SHH"	SUFU	Pathogenic	InterVar_Recalculated Pathogenic	chr10	102504332	C	G	c.180C>G	p.Tyr60*	neutral	BS_7QH9BCJQ	0.35	0.53	1	0.03	0.03	0.123333333	0.123333333
BS_8HZ761SQ	BS_M18CDDGK	Meningioma	NA	SMARCE1	Pathogenic	ClinVar Pathogenic -- Badge-lab consenses P/LP	chr17	40631693	G	A	c.715C>T	p.Arg239*	neutral	BS_8HZ761SQ	0.81	0.49	1	-0.01	-0.01	NA	NA
BS_96TV932S	BS_B6K0N6HS	Low-grade glioma	"LGG, RTK, CDKN2A/B"	FAH	Pathogenic	ClinVar Pathogenic -- Badge-lab consenses P/LP	chr15	80180230	G	A	c.1062+5G>A	.	neutral	BS_96TV932S	0.37	0.5	0.353988646	0	0	0.07	0.197746455
BS_98RN7Y9D	BS_2RJN5Z4W	Low-grade glioma	"LGG, KIAA1549-BRAF"	TERT	Likely_pathogenic	ClinVar Likely pathogenic -- Badge-lab consensus is P/LP	chr5	1278640	C	T	c.2286+1G>A	.	neutral	BS_98RN7Y9D	0.43	0.6	0.414770524	0.1	0.241097171	0.055	0.132603444
BS_EM975DQ6	BS_WD7AQV83	Low-grade glioma	"SEGA, wildtype"	TSC2	Pathogenic	ClinVar Pathogenic -- Badge-lab consenses P/LP	chr16	2079197	G	A	c.3131+1G>A	.	neutral	BS_EM975DQ6	0.7	0.5	0.705341433	0	0	0.02	0.028355062
BS_ESFA9S69	BS_PZDTK87A	Non-neoplastic tumor	NA	MSH3	Pathogenic	ClinVar Pathogenic -- Badge-lab consenses P/LP	chr5	80778719	G	A	c.2319-1G>A	.	neutral	BS_ESFA9S69	0.52	0.6	1	0.1	0.1	0.078	0.078
BS_F0K8DMTS	BS_947CK40E	Non-neoplastic tumor	NA	NF1	Likely_pathogenic	ClinVar Likely pathogenic -- Badge-lab consensus is P/LP	chr17	31170002	G	A	c.586+5G>A	.	neutral	BS_F0K8DMTS	0.63	0.42	1	-0.08	-0.08	0.205	0.205
BS_FHDR7FJE	BS_WP9J88EB	Medulloblastoma	"MB, To be classified"	COL7A1	Likely_pathogenic	ClinVar Likely pathogenic -- Badge-lab consensus is P/LP	chr3	48571242	C	T	c.7104+1G>A	.	neutral	BS_FHDR7FJE	0.42	0.35	0.578626086	-0.15	-0.25923477	0.18	0.311081723
BS_G64B5MDA	BS_XM302FF4	Mixed neuronal-glial tumor	"GNG, BRAF V600E"	GJB2	Pathogenic	ClinVar Pathogenic -- Badge-lab consenses P/LP	chr13	20192782	C	T	c.-23+1G>A	.	neutral	BS_G64B5MDA	0.38	0.42	NA	-0.08	NA	NA	NA
BS_4EK9WVET	BS_J5J0EA7Y	Low-grade glioma	"LGG, NF1-somatic, NF1-germline"	NF1	Likely_pathogenic	InterVar_Recalculated Likely_pathogenic	chr17	31260402	A	AAGTGATGC	c.4468_4475dupGATGCAGT	p.Asn1493fs	neutral	BS_4EK9WVET	0.7	0.33	1	-0.17	-0.17	0.227777778	0.227777778
BS_JZKV3CQ1	BS_DAEM3WRX	Schwannoma	NA	FAH	Pathogenic	ClinVar Pathogenic -- Badge-lab consenses P/LP	chr15	80180230	G	A	c.1062+5G>A	.	neutral	BS_JZKV3CQ1	0.36	0.56	0.351637847	0.06	0.170630097	0.395	0.5
BS_MDHYHEBH	BS_QZT3SPY7	Medulloblastoma	"MB, Group3"	RAD50	Likely_pathogenic	ClinVar Likely pathogenic -- Badge-lab consensus is P/LP	chr5	132594868	G	T	c.1794-1G>T	.	neutral	BS_MDHYHEBH	0.45	0.47	NA	-0.03	NA	NA	NA
BS_MN2FX68Z	BS_DGG7YE8R	Medulloblastoma	"MB, SHH"	PTCH1	Pathogenic	ClinVar Pathogenic -- Badge-lab consenses P/LP	chr9	95506600	C	G	c.202-1G>C	.	neutral	BS_MN2FX68Z	0.47	0.97	0.938017222	0.47	0.5	0.466666667	0.497503303
BS_PKKNB5PY	BS_N4B3WB8W	Medulloblastoma	"MB, Group3"	FANCA	Pathogenic	ClinVar Pathogenic -- Badge-lab consenses P/LP	chr16	89761950	G	A	c.2851C>T	p.Arg951Trp	loss	BS_PKKNB5PY	0.63	1	0.82971371	0.5	0.5	0.44	0.5
BS_PSAZZC71	BS_2F70R10Z	Low-grade glioma	"LGG, KIAA1549-BRAF"	SDHA	Likely_pathogenic	ClinVar Likely pathogenic -- Badge-lab consensus is P/LP	chr5	240477	G	A	c.1551+1G>A	.	neutral	BS_PSAZZC71	0.6	0.48	1	-0.02	-0.02	NA	NA
BS_Q7NF95N0	BS_8W0FNBWF	Low-grade glioma	"LGG, wildtype"	ATM	Pathogenic	ClinVar Pathogenic -- Badge-lab consenses P/LP	chr11	108315911	G	A	c.6095G>A	p.Arg2032Lys	neutral	BS_Q7NF95N0	0.51	0.33	0.962831918	-0.17	-0.176562489	0.19	0.197334547
BS_SP3ND4W3	BS_58X7SKJS	Other high-grade glioma	"HGG, IDH, TP53 loss"	GJB2	Likely_pathogenic	ClinVar Likely pathogenic -- ReviewPanel_lab_P/LP	chr13	20189605	T	G	c.-22-2A>C	.	neutral	BS_SP3ND4W3	0.34	0.44	0.753547524	-0.06	-0.079623379	NA	NA
BS_T5WVTGV8	BS_3DYRAZE7	Low-grade glioma	"LGG, KIAA1549-BRAF"	MPL	Likely_pathogenic	ClinVar Likely pathogenic -- Badge-lab consensus is P/LP	chr1	43346630	G	C	c.1165+1G>C	.	neutral	BS_T5WVTGV8	0.65	0.64	1	0.14	0.14	NA	NA
BS_T77MXWTX	BS_F064HMTP	Other high-grade glioma	"HGG, H3 wildtype"	BRCA2	Pathogenic	ClinVar Pathogenic -- ReviewPanel_lab_P/LP	chr13	32362521	A	G	c.7806-2A>G	.	neutral	BS_T77MXWTX	0.56	0.49	1	-0.01	-0.01	0.01	0.01
BS_V733WCVK	BS_5V2XCW17	Ependymoma	"EPN, To be classified"	ERCC2	Pathogenic	ClinVar Pathogenic -- Badge-lab consenses P/LP	chr19	45364832	CCTCA	C	c.594+2_594+5delTGAG	.	loss	BS_V733WCVK	0.64	0.52	0.482245949	0.02	0.041472614	0.02	0.041472614
BS_X7EQKJZH	BS_T97EP8H0	Low-grade glioma	"LGG, KIAA1549-BRAF"	BUB1B	Likely_pathogenic	InterVar_Recalculated Likely_pathogenic	chr15	40208770	G	GAAAACCCTACTCA	c.2143_2143+1insAAAACCCTACTCA	.	neutral	BS_X7EQKJZH	0.29	NA	0.579582959	NA	NA	0.0925	0.159597515
BS_XQ0Y2PMV	BS_MW63FCZC	Other high-grade glioma	"HGG, H3 wildtype"	CHEK2	Pathogenic	ClinVar Pathogenic -- Badge-lab consenses P/LP	chr22	28709998	ATACT	A	c.975+4_975+7delAGTA	.	neutral	BS_XQ0Y2PMV	0.73	0.5	0.366562152	0	0	0.16	0.436488053
BS_YR1X1SSH	BS_GMQZNQH8	Ependymoma	"EPN, To be classified"	FAH	Pathogenic	ClinVar Pathogenic -- Badge-lab consenses P/LP	chr15	80168263	G	T	c.554-1G>T	.	neutral	BS_YR1X1SSH	0.28	0.38	0.971337394	-0.12	-0.123541007	NA	NA